Precincts,Borough,Crime,Latitude,Longitude
10,Manhattan,"ASSAULT 2,1,UNCLASSIFIED",40.747777093000025,-74.00039844299994
101,Queens,"BURGLARY,RESIDENCE,DAY",40.59853759300007,-73.74855959599995
41,Bronx,"ROBBERY,BEGIN AS SHOPLIFTING",40.819885621000026,-73.90122699799997
68,Brooklyn,"CONTROLLED SUBSTANCE,INTENT TO",40.624663129000055,-73.99932059099996
45,Bronx,ASSAULT 3,40.83854491300008,-73.84458288899998
30,Manhattan,"HARASSMENT,SUBD 3,4,5",40.826762949000056,-73.95126133499997
103,Queens,"HARASSMENT,SUBD 3,4,5",40.694199046000044,-73.78951091299997
114,Queens,"ROBBERY,NECKCHAIN/JEWELRY",40.76510045600002,-73.90411319899994
25,Manhattan,"WEAPONS, POSSESSION, ETC",40.80343468000007,-73.93308447999993
121,Staten Island,"LARCENY,PETIT FROM OPEN AREAS,",40.63319097600004,-74.15705302299993
88,Brooklyn,"ASSAULT 2,1,UNCLASSIFIED",40.69421996400007,-73.98211859699995
107,Queens,"NY STATE LAWS,UNCLASSIFIED FEL",40.71156433400005,-73.80296101499994
19,Manhattan,ASSAULT 3,40.77498199200004,-73.95386269599999
32,Manhattan,"ROBBERY,POCKETBOOK/CARRIED BAG",40.81241930300007,-73.94569406799998
50,Bronx,ASSAULT 3,40.871553006000056,-73.90239768799995
52,Bronx,AGGRAVATED HARASSMENT 2,40.86464556900006,-73.89415390399995
43,Bronx,"MISCHIEF, CRIMINAL 3 & 2, OF M",40.82273752700007,-73.86137018399995
110,Queens,SODOMY 1,40.74525274100006,-73.87006286999997
110,Queens,ASSAULT 3,40.74561005900005,-73.86808809099993
40,Bronx,OBSTR BREATH/CIRCUL,40.80919375100007,-73.92518927399993
73,Brooklyn,"LARCENY,PETIT FROM BUILDING,UN",40.66779260900006,-73.91025493099994
44,Bronx,"LARCENY,PETIT OF VEHICLE ACCES",40.838118200000046,-73.91423903099997
1,Manhattan,AGGRAVATED HARASSMENT 2,40.70732446800002,-74.00960648499995
9,Manhattan,"LARCENY,PETIT FROM OPEN AREAS,",40.72823406300005,-73.99050524199998
73,Brooklyn,"STOLEN PROPERTY-MOTOR VEH 2ND,",40.66716392800004,-73.91009356699995
46,Bronx,WEAPONS POSSESSION 1 & 2,40.85498940600007,-73.89996750499995
18,Manhattan,"LARCENY,GRAND FROM STORE-SHOPL",40.763320339000074,-73.97371790399995
113,Queens,"FORGERY,M.V. REGISTRATION",40.683785930000056,-73.76974550299997
105,Queens,ASSAULT 3,40.69555581200007,-73.74143564599996
43,Bronx,"ARSON 2,3,4",40.82541935900008,-73.86622081099993
44,Bronx,"LARCENY,PETIT OF LICENSE PLATE",40.82610257600004,-73.92306371599993
47,Bronx,LEAVING SCENE-ACCIDENT-PERSONA,40.89543712300008,-73.84462348799997
44,Bronx,"ASSAULT 2,1,UNCLASSIFIED",40.841584606000026,-73.91778363799993
106,Queens,"FRAUD,UNCLASSIFIED-FELONY",40.66386198800007,-73.84349041499998
20,Manhattan,"ASSAULT 2,1,UNCLASSIFIED",40.78615351500007,-73.97242333199993
49,Bronx,"CRIMINAL MISCHIEF 4TH, GRAFFIT",40.86997917300005,-73.856632785
34,Manhattan,AGGRAVATED HARASSMENT 2,40.85990148800005,-73.92819786199995
44,Bronx,"LARCENY,PETIT FROM STORE-SHOPL",40.83778161800007,-73.91945797099999
33,Manhattan,"TRAFFIC,UNCLASSIFIED MISDEMEAN",40.840783858000066,-73.93625260699997
13,Manhattan,"BURGLARY,COMMERCIAL,NIGHT",40.73977318800007,-73.99298631899995
46,Bronx,RECKLESS ENDANGERMENT 1,40.84589001000006,-73.90565935499995
105,Queens,"ROBBERY,ATM LOCATION",40.66408150000007,-73.73427290099994
32,Manhattan,RAPE 3,40.81573205300003,-73.94542041099999
62,Brooklyn,"LARCENY,PETIT FROM OPEN AREAS,",40.60214447200008,-74.00918801699999
43,Bronx,"FORGERY,M.V. REGISTRATION",40.82855139400005,-73.84870746999997
73,Brooklyn,RAPE 1,40.670655072000045,-73.91339091999998
113,Queens,"MISCHIEF, CRIMINAL 4, OF MOTOR",40.70157414100004,-73.75737851299994
14,Manhattan,"FORGERY,ETC.,UNCLASSIFIED-FELO",40.754408117000025,-73.99185864599998
108,Queens,"SEXUAL ABUSE 3,2",40.74308016800006,-73.95473646099998
62,Brooklyn,"HARASSMENT,SUBD 3,4,5",40.597933606000026,-73.98719289599995
40,Bronx,"STOLEN PROPERTY 2,1,POSSESSION",40.810058310000045,-73.92514495299997
42,Bronx,"CRIMINAL MISCHIEF,UNCLASSIFIED 4",40.82849393200007,-73.90554670999995
26,Manhattan,"BURGLARY,RESIDENCE,NIGHT",40.804384785000025,-73.96515182899999
120,Staten Island,AGGRAVATED HARASSMENT 2,40.63776876600008,-74.07648062699997
70,Brooklyn,"MENACING,UNCLASSIFIED",40.64782005200004,-73.96180654299998
73,Brooklyn,"HARASSMENT,SUBD 3,4,5",40.66892692300007,-73.92258173299997
94,Brooklyn,"LARCENY,PETIT FROM STORE-SHOPL",40.73197756800005,-73.95455276699995
40,Bronx,"HARASSMENT,SUBD 1,CIVILIAN",40.808777943000045,-73.923130702
105,Queens,"LARCENY,GRAND FROM VEHICLE/MOTORCYCLE",40.732842997000034,-73.72924663399994
18,Manhattan,"HARASSMENT,SUBD 3,4,5",40.76263377600003,-73.97211540299998
120,Staten Island,"BURGLARY,RESIDENCE,UNKNOWN TIM",40.62100643400004,-74.09803851699996
52,Bronx,"LARCENY,PETIT FROM STORE-SHOPL",40.88175555600003,-73.88235556099994
114,Queens,"LARCENY,PETIT FROM STORE-SHOPL",40.752433721000045,-73.91494126399994
114,Queens,"LEWDNESS,PUBLIC",40.76690311300007,-73.92139204399997
10,Manhattan,"HARASSMENT,SUBD 3,4,5",40.74643470000007,-74.00697758099993
14,Manhattan,"LARCENY,PETIT FROM OPEN AREAS,",40.756718685000074,-73.98645851699997
73,Brooklyn,"ROBBERY,DWELLING",40.656411510000055,-73.91220924599996
69,Brooklyn,"HARASSMENT,SUBD 1,CIVILIAN",40.64535357800003,-73.89976288799994
94,Brooklyn,"THEFT OF SERVICES, UNCLASSIFIE",40.721298785000045,-73.95734512099993
44,Bronx,"ASSAULT 2,1,UNCLASSIFIED",40.82640595100002,-73.92115553999997
28,Manhattan,"LARCENY,PETIT FROM STORE-SHOPL",40.810476043000044,-73.95188015099995
75,Brooklyn,"BURGLARY,RESIDENCE,NIGHT",40.67617918900004,-73.87115281599996
40,Bronx,"HARASSMENT,SUBD 3,4,5",40.80653810100006,-73.918910596
103,Queens,"LARCENY,PETIT FROM BUILDING,UN",40.71668904900002,-73.76504686999994
44,Bronx,"HARASSMENT,SUBD 3,4,5",40.83557791700008,-73.90880353099993
68,Brooklyn,AGGRAVATED HARASSMENT 2,40.633207553000034,-74.02561045099996
9,Manhattan,"HARASSMENT,SUBD 3,4,5",40.72045033300003,-73.97491447999995
94,Brooklyn,"LARCENY,PETIT FROM BUILDING,UN",40.72696521900008,-73.94713110199997
73,Brooklyn,LEAVING SCENE-ACCIDENT-PERSONA,40.669828890000076,-73.91711216999995
49,Bronx,WEAPONS POSSESSION 3,40.86419262200008,-73.85386866199997
42,Bronx,ASSAULT 3,40.824550773000055,-73.91023502099996
50,Bronx,"HARASSMENT,SUBD 3,4,5",40.884027135000046,-73.89256436299998
104,Queens,"MISCHIEF, CRIMINAL 4, OF MOTOR",40.69943988600005,-73.90351159499993
121,Staten Island,"CHILD, ENDANGERING WELFARE",40.62368882200008,-74.15065813299998
103,Queens,"LARCENY,GRAND FROM RETAIL STORE, UNATTENDED",40.707354054000064,-73.78913032999998
77,Brooklyn,"LARCENY,PETIT FROM OPEN AREAS,",40.67483467200003,-73.94308064499995
42,Bronx,ASSAULT 3,40.83587639700004,-73.88920537299998
114,Queens,"MISCHIEF,CRIMINAL,    UNCL 2ND",40.77461733600006,-73.90854762699998
75,Brooklyn,"LARCENY,PETIT FROM BUILDING,UN",40.68948194100005,-73.86769791099994
62,Brooklyn,"BURGLARY,RESIDENCE,DAY",40.61079995700004,-73.97872298799997
122,Staten Island,"HARASSMENT,SUBD 3,4,5",40.55965916000007,-74.16578019999997
44,Bronx,"HARASSMENT,SUBD 3,4,5",40.840060900000026,-73.91723618599997
40,Bronx,"LARCENY,PETIT FROM STORE-SHOPL",40.81536346300004,-73.92453566399996
115,Queens,"OBSCENITY, MATERIAL 3",40.75686097700003,-73.87565666399996
14,Manhattan,"LARCENY,PETIT FROM STORE-SHOPL",40.75043076800005,-73.98928217599996
47,Bronx,STRANGULATION 1ST,40.875888469000074,-73.85882941799997
111,Queens,"HARASSMENT,SUBD 1,CIVILIAN",40.74667808100002,-73.75182963499998
20,Manhattan,ASSAULT 3,40.78514404400005,-73.975020106
10,Manhattan,"LARCENY,PETIT BY FALSE PROMISE",40.75206164200006,-74.00097595299998
50,Bronx,"LARCENY,PETIT FROM AUTO",40.88549712100007,-73.90044599699996
14,Manhattan,"LARCENY,PETIT FROM OPEN AREAS,",40.754408117000025,-73.99185864599998
48,Bronx,OBSTR BREATH/CIRCUL,40.854612389000074,-73.884232679
1,Manhattan,WEAPONS POSSESSION 3,40.71278360900004,-74.01169220199995
114,Queens,"MISCHIEF, CRIMINAL 3 & 2, OF M",40.773793373000046,-73.93628062799998
19,Manhattan,"LARCENY,GRAND FROM STORE-SHOPL",40.76453553900007,-73.97072838799994
44,Bronx,"ARSON, MOTOR VEHICLE 1 2 3 & 4",40.841448077000045,-73.90445130899997
1,Manhattan,"HARASSMENT,SUBD 3,4,5",40.708115270000064,-74.00457498499998
43,Bronx,"LARCENY,PETIT FROM AUTO",40.83044740700007,-73.87579016199999
49,Bronx,"MISCHIEF, CRIMINAL 4, OF MOTOR",40.85008348500003,-73.86872311099995
112,Queens,"HARASSMENT,SUBD 1,CIVILIAN",40.71781060400008,-73.83955790299996
23,Manhattan,RECKLESS ENDANGERMENT 1,40.79282341900005,-73.93773589999995
48,Bronx,AGGRAVATED HARASSMENT 2,40.839517869000076,-73.88841506699998
44,Bronx,UNAUTHORIZED USE VEHICLE 3,40.828467524000075,-73.91388651499993
73,Brooklyn,LEAVING SCENE-ACCIDENT-PERSONA,40.66018677700004,-73.90342059399995
123,Staten Island,"TRESPASS 2, CRIMINAL",40.529634541000064,-74.19968552299997
14,Manhattan,"MISCHIEF,CRIMINAL,    UNCL 2ND",40.75091695000003,-73.99439634599996
79,Brooklyn,"CRIMINAL MISCHIEF 4TH, GRAFFIT",40.68057825600005,-73.95246421199994
47,Bronx,"MENACING,UNCLASSIFIED",40.889971221000046,-73.85420260499995
45,Bronx,"LARCENY,PETIT FROM STORE-SHOPL",40.82354469200004,-73.83640160899995
1,Manhattan,"FORGERY,ETC.-MISD.",40.72047497300008,-74.00338533899996
1,Manhattan,"SEXUAL ABUSE 3,2",40.72025522300004,-74.00709027999993
114,Queens,"LARCENY,GRAND OF AUTO",40.77678141100006,-73.93452662199996
49,Bronx,"BURGLARY,COMMERCIAL,NIGHT",40.85557168400004,-73.86766034499993
105,Queens,ASSAULT 3,40.67989062800007,-73.74980678499998
120,Staten Island,"CRIMINAL MISCHIEF 4TH, GRAFFIT",40.609900435000036,-74.08494484299997
61,Brooklyn,AGGRAVATED HARASSMENT 2,40.59613433800007,-73.93961890199995
47,Bronx,"HARASSMENT,SUBD 3,4,5",40.877221709000025,-73.84959837499997
76,Brooklyn,"LARCENY,PETIT OF LICENSE PLATE",40.67659134100006,-73.99112186899998
60,Brooklyn,"LARCENY,PETIT FROM AUTO",40.579451766000034,-73.97960775899996
43,Bronx,"TRESPASS 2, CRIMINAL",40.83791480900004,-73.86053626599994
43,Bronx,"CRIMINAL MISCHIEF,UNCLASSIFIED 4",40.82731347600002,-73.87887459299998
114,Queens,"LARCENY,GRAND FROM OPEN AREAS, UNATTENDED",40.75407111800007,-73.93401836499999
19,Manhattan,"FRAUD,UNCLASSIFIED-FELONY",40.76187469000007,-73.96635808399996
104,Queens,"MISCHIEF, CRIMINAL 3 & 2, OF M",40.70461472900007,-73.89824552899995
71,Brooklyn,"MISCHIEF, CRIMINAL 4, OF MOTOR",40.67163678100008,-73.96262203799995
42,Bronx,"ROBBERY,RESIDENTIAL COMMON AREA",40.83324244300008,-73.89022158999995
42,Bronx,"HARASSMENT,SUBD 1,CIVILIAN",40.83509424700002,-73.90804891499994
49,Bronx,"HARASSMENT,SUBD 3,4,5",40.868559264000055,-73.853728904
43,Bronx,"CRIMINAL MISCHIEF 4TH, GRAFFIT",40.82587508000006,-73.84646970699998
43,Bronx,"HARASSMENT,SUBD 3,4,5",40.834954553000046,-73.87867276499998
18,Manhattan,"LARCENY,GRAND FROM STORE-SHOPL",40.758232371000084,-73.97743058499998
47,Bronx,ASSAULT 3,40.87720882700007,-73.86586710099994
77,Brooklyn,"HARASSMENT,SUBD 3,4,5",40.67302506400005,-73.93631561299998
83,Brooklyn,ASSAULT 3,40.69773719600005,-73.92857085299994
102,Queens,"FRAUD,UNCLASSIFIED-FELONY",40.70678784500007,-73.83391089399998
79,Brooklyn,"HARASSMENT,SUBD 3,4,5",40.68684680200005,-73.95820729499997
104,Queens,"LARCENY,GRAND FROM VEHICLE/MOTORCYCLE",40.70791612200002,-73.91080687
104,Queens,RECKLESS ENDANGERMENT 2,40.72629842100008,-73.90147394199995
47,Bronx,"HARASSMENT,SUBD 3,4,5",40.89088880100008,-73.85707957599993
72,Brooklyn,"BURGLARY,RESIDENCE,NIGHT",40.646448497000044,-73.99817443899997
90,Brooklyn,"HARASSMENT,SUBD 3,4,5",40.707730885000046,-73.95590744599998
108,Queens,"LARCENY,GRAND FROM VEHICLE/MOTORCYCLE",40.74322456500005,-73.90716163499997
75,Brooklyn,ASSAULT 3,40.66428001100008,-73.89193786299995
26,Manhattan,"LARCENY,GRAND BY THEFT OF CREDIT CARD",40.81308865800003,-73.95797991099995
9,Manhattan,AGGRAVATED HARASSMENT 2,40.72380251300007,-73.97906933499998
78,Brooklyn,AGGRAVATED HARASSMENT 2,40.673127111000035,-73.97198338699997
5,Manhattan,"MISCHIEF, CRIMINAL 4, OF MOTOR",40.70949307700005,-73.99402470299998
111,Queens,"CRIMINAL MISCHIEF 4TH, GRAFFIT",40.748882845000026,-73.75732170999999
94,Brooklyn,"SEXUAL ABUSE 3,2",40.72688262400004,-73.95287134799997
62,Brooklyn,"LARCENY,PETIT FROM STORE-SHOPL",40.60673687000008,-74.00177693799998
17,Manhattan,LEAVING SCENE-ACCIDENT-PERSONA,40.75682016800005,-73.971143263
52,Bronx,"ROBBERY,DELIVERY PERSON",40.86464556900006,-73.89415390399995
108,Queens,"FRAUD,UNCLASSIFIED-MISDEMEANOR",40.74941072000007,-73.93934644599993
83,Brooklyn,"MISCHIEF, CRIMINAL 4, OF MOTOR",40.70570763600006,-73.92372564399994
115,Queens,ASSAULT 3,40.75709175800005,-73.87086997299998
121,Staten Island,SEXUAL ABUSE,40.62368882200008,-74.15065813299998
78,Brooklyn,"CRIMINAL MISCHIEF 4TH, GRAFFIT",40.67767165600003,-73.96885933499993
75,Brooklyn,"CRIMINAL MISCHIEF 4TH, GRAFFIT",40.67761246600002,-73.90233902199996
48,Bronx,"CRIMINAL MISCHIEF,UNCLASSIFIED 4",40.84032552000008,-73.88914736699996
40,Bronx,"ASSAULT 2,1,UNCLASSIFIED",40.82176898500006,-73.91199471599998
72,Brooklyn,"HARASSMENT,SUBD 3,4,5",40.65519339100007,-73.99983926199997
30,Manhattan,"LARCENY,PETIT FROM AUTO",40.82862324000007,-73.94384883699998
14,Manhattan,"LARCENY,GRAND BY ACQUIRING LOST CREDIT CARD",40.75259639100005,-73.98946951099998
52,Bronx,ASSAULT POLICE/PEACE OFFICER,40.864256195000046,-73.90399554199998
75,Brooklyn,"LARCENY,PETIT FROM AUTO",40.67412866900003,-73.89838937699994
47,Bronx,"ROBBERY,OPEN AREA UNCLASSIFIED",40.87788686600004,-73.86595251999995
106,Queens,"BURGLARY,RESIDENCE,DAY",40.67914596100008,-73.84836140199997
47,Bronx,WEAPONS POSSESSION 1 & 2,40.87538575600007,-73.85191313299998
115,Queens,LEAVING SCENE-ACCIDENT-PERSONA,40.75656758500002,-73.87593153399997
68,Brooklyn,WEAPONS POSSESSION 3,40.631310548000044,-74.01033049899996
44,Bronx,"HARASSMENT,SUBD 3,4,5",40.82742104700003,-73.91290142199995
43,Bronx,"LARCENY,PETIT FROM AUTO",40.81572025100007,-73.86450258499997
46,Bronx,"LARCENY,PETIT FROM AUTO",40.85359836700008,-73.90057688099995
44,Bronx,"FORGERY,ETC.,UNCLASSIFIED-FELO",40.83617129100002,-73.92473250599994
48,Bronx,"HARASSMENT,SUBD 3,4,5",40.84323973700003,-73.88845580899994
66,Brooklyn,"LARCENY,GRAND BY EXTORTION",40.63639891300004,-73.98531915399997
30,Manhattan,CRIMINAL MIS 2 & 3,40.82139271900007,-73.95414124099993
62,Brooklyn,"CRIMINAL MISCHIEF 4TH, GRAFFIT",40.62284057100004,-73.99794093399998
49,Bronx,"HARASSMENT,SUBD 1,CIVILIAN",40.857454424000025,-73.84754276399997
75,Brooklyn,LEAVING SCENE-ACCIDENT-PERSONA,40.67134926000005,-73.89958683499998
84,Brooklyn,"LARCENY,GRAND FROM BUILDING (NON-RESIDENCE) UNATTENDED",40.704093500000056,-73.98659183099994
115,Queens,CRIMINAL CONTEMPT 1,40.75718954600006,-73.86996017499997
75,Brooklyn,"LARCENY,PETIT FROM BUILDING,UN",40.67769321400005,-73.89735284399995
69,Brooklyn,"HARASSMENT,SUBD 3,4,5",40.62981940000003,-73.89815061099996
14,Manhattan,"HARASSMENT,SUBD 3,4,5",40.75041110700005,-73.98523628599996
52,Bronx,ASSAULT 3,40.86254302300006,-73.89707115799997
94,Brooklyn,"LARCENY,PETIT FROM BUILDING,UN",40.726965067000044,-73.95311662899996
25,Manhattan,"LARCENY,PETIT FROM AUTO",40.80636061100006,-73.93809168299998
19,Manhattan,"LARCENY,GRAND BY BANK ACCT COMPROMISE-REPRODUCED CHECK",40.78049969200004,-73.95584842999993
79,Brooklyn,CRIMINAL CONTEMPT 1,40.69579171600003,-73.939095905
78,Brooklyn,"LARCENY,GRAND FROM OPEN AREAS, UNATTENDED",40.68198311500004,-73.97828204299998
13,Manhattan,"LARCENY,PETIT FROM STORE-SHOPL",40.737394661000046,-73.97972541699994
72,Brooklyn,"HARASSMENT,SUBD 3,4,5",40.66496736200002,-73.99335463799997
121,Staten Island,"HARASSMENT,SUBD 1,CIVILIAN",40.633071347000055,-74.13682999499997
14,Manhattan,ASSAULT 3,40.74559137400007,-73.98559463699996
46,Bronx,"MISCHIEF, CRIMINAL 4, OF MOTOR",40.84793197700003,-73.91619988299993
67,Brooklyn,"NY STATE LAWS,UNCLASSIFIED FEL",40.65005654700008,-73.93121299899997
44,Bronx,"HARASSMENT,SUBD 3,4,5",40.840556940000056,-73.928417514
44,Bronx,"FORGERY,ETC.,UNCLASSIFIED-FELO",40.84312363200007,-73.92471741199995
77,Brooklyn,ASSAULT 3,40.67417911500007,-73.95670471499993
52,Bronx,WEAPONS POSSESSION 3,40.87187683500007,-73.87915137999995
73,Brooklyn,LEAVING SCENE-ACCIDENT-PERSONA,40.66912567900005,-73.90570750399996
33,Manhattan,"HARASSMENT,SUBD 1,CIVILIAN",40.84511805900007,-73.93680867399996
46,Bronx,ASSAULT 3,40.853376420000075,-73.90426427999995
62,Brooklyn,"LARCENY,PETIT FROM AUTO",40.60620481800004,-73.97690215099993
44,Bronx,"LARCENY,GRAND BY BANK ACCT COMPROMISE-UNAUTHORIZED PURCHASE",40.84270301600003,-73.91964717799993
24,Manhattan,AGGRAVATED HARASSMENT 2,40.796923525000075,-73.97113671599999
115,Queens,"MISCHIEF, CRIMINAL 3 & 2, OF M",40.753086232000044,-73.85399689499997
103,Queens,"LARCENY,GRAND FROM STORE-SHOPL",40.70659994400006,-73.79560695699998
70,Brooklyn,"PUBLIC ADMINISTATION,UNCLASS M",40.638885679000055,-73.95404326499995
79,Brooklyn,"FORGERY,M.V. REGISTRATION",40.69130722700004,-73.94549701599993
18,Manhattan,"LARCENY,GRAND BY ACQUIRING LOS",40.758895066000036,-73.98483734499997
103,Queens,ASSAULT 3,40.70778998600008,-73.79340310899995
52,Bronx,"CONTROLLED SUBSTANCE,INTENT TO",40.85961524600003,-73.90777641599993
110,Queens,"ROBBERY,OPEN AREA UNCLASSIFIED",40.74580920300008,-73.89341881799999
78,Brooklyn,"ROBBERY,PERSONAL ELECTRONIC DEVICE",40.67644229900003,-73.98361590599995
18,Manhattan,"LARCENY,GRAND OF BICYCLE",40.76574028600004,-73.98359755199994
40,Bronx,"LARCENY,PETIT OF VEHICLE ACCES",40.81912706800006,-73.91739228599994
40,Bronx,"MISCHIEF,CRIMINAL,    UNCL 2ND",40.81842782300004,-73.92228859599999
79,Brooklyn,"LARCENY,PETIT FROM STORE-SHOPL",40.69607807800003,-73.95270199199997
42,Bronx,"CONTROLLED SUBSTANCE,INTENT TO",40.82736872600003,-73.90240468499996
103,Queens,"MARIJUANA, SALE 4 & 5",40.702482133000046,-73.799922252
94,Brooklyn,"ROBBERY,BICYCLE",40.71888095800006,-73.94511011299994
49,Bronx,"FORGERY,DRIVERS LICENSE",40.86876986600004,-73.86435833599995
5,Manhattan,"FRAUD,UNCLASSIFIED-FELONY",40.72090560400005,-73.99106906899993
47,Bronx,"LARCENY,PETIT FROM OPEN AREAS,",40.87278720900008,-73.84821269599996
28,Manhattan,"HARASSMENT,SUBD 3,4,5",40.80442807300005,-73.95537020999996
19,Manhattan,"BURGLARY,COMMERCIAL,DAY",40.76255336600008,-73.96893877799994
47,Bronx,SODOMY 1,40.88745131300004,-73.84760778699997
41,Bronx,"MISCHIEF, CRIMINAL 3 & 2, OF M",40.823650361000034,-73.89390476799997
67,Brooklyn,"MISCHIEF, CRIMINAL 4, OF MOTOR",40.652834109000025,-73.94638977799997
40,Bronx,"LARCENY,GRAND FROM VEHICLE/MOTORCYCLE",40.81736984500003,-73.91655629399997
28,Manhattan,ASSAULT 3,40.80203233000003,-73.94968294499995
32,Manhattan,ASSAULT 3,40.83294176100002,-73.93543259299997
113,Queens,"HARASSMENT,SUBD 3,4,5",40.68963793100005,-73.78691103199996
44,Bronx,"HARASSMENT,SUBD 1,CIVILIAN",40.83421942500007,-73.91253114899997
46,Bronx,"CONTROLLED SUBSTANCE,INTENT TO",40.85618331900002,-73.90314684299993
44,Bronx,"FRAUD,UNCLASSIFIED-FELONY",40.83160392600007,-73.92879934599993
48,Bronx,"ASSAULT 2,1,UNCLASSIFIED",40.84451269200008,-73.89364379599994
18,Manhattan,"LARCENY,GRAND FROM BUILDING (NON-RESIDENCE) UNATTENDED",40.767679172000044,-73.99598699899997
81,Brooklyn,"ROBBERY,BAR/RESTAURANT",40.69687092100002,-73.93501260499994
105,Queens,"LARCENY,GRAND FROM PERSON,PERSONAL ELECTRONIC DEVICE(SNATCH)",40.74546402800007,-73.72717433999998
48,Bronx,"ROBBERY,OPEN AREA UNCLASSIFIED",40.85025415500007,-73.89313941499995
44,Bronx,"MISCHIEF, CRIMINAL 4, OF MOTOR",40.823793548000026,-73.92615925299998
63,Brooklyn,"CRIMINAL MISCHIEF 4TH, GRAFFIT",40.63796259600008,-73.92610545799994
49,Bronx,"NY STATE LAWS,UNCLASSIFIED MIS",40.86544935800004,-73.85578207799993
61,Brooklyn,CRIMINAL CONTEMPT 1,40.599758853000026,-73.94806006099996
90,Brooklyn,"LARCENY,PETIT FROM OPEN AREAS,",40.707934228000056,-73.92893143599997
14,Manhattan,"LARCENY,PETIT FROM STORE-SHOPL",40.749733638000066,-73.98967568499995
14,Manhattan,"LARCENY,GRAND FROM STORE-SHOPL",40.75043076800005,-73.98928217599996
69,Brooklyn,"ASSAULT 2,1,UNCLASSIFIED",40.63550206600007,-73.90570096699997
47,Bronx,"HARASSMENT,SUBD 1,CIVILIAN",40.87555583300008,-73.84555947799998
109,Queens,"HARASSMENT,SUBD 3,4,5",40.78545299500007,-73.77867804
120,Staten Island,RAPE 1,40.64472613100002,-74.07748315899995
14,Manhattan,"LARCENY,PETIT FROM BUILDING,UN",40.75043076800005,-73.98928217599996
52,Bronx,"HARASSMENT,SUBD 3,4,5",40.86940749200004,-73.87999831299999
73,Brooklyn,"HARASSMENT,SUBD 3,4,5",40.68092784700008,-73.90864726399997
47,Bronx,ASSAULT 3,40.89726241300008,-73.85306529199994
72,Brooklyn,SEXUAL ABUSE,40.65819343200008,-74.00103224299994
73,Brooklyn,"CHILD, ENDANGERING WELFARE",40.670655072000045,-73.91339091999998
103,Queens,"FORGERY,ETC.,UNCLASSIFIED-FELO",40.70659994400006,-73.79560695699998
107,Queens,"LARCENY,GRAND OF VEHICULAR/MOTORCYCLE ACCESSORIES",40.711258734000076,-73.79152389499995
52,Bronx,ASSAULT 3,40.88329343300006,-73.88319184399995
44,Bronx,"LARCENY,PETIT OF LICENSE PLATE",40.84066686700004,-73.92026041699995
73,Brooklyn,"ASSAULT 2,1,UNCLASSIFIED",40.66842403300007,-73.91041629499993
47,Bronx,"HARASSMENT,SUBD 3,4,5",40.89192502600008,-73.84139821499997
60,Brooklyn,"HARASSMENT,SUBD 3,4,5",40.580948697000046,-73.97147484799996
101,Queens,"HARASSMENT,SUBD 3,4,5",40.60781263300004,-73.74497359699996
34,Manhattan,UNAUTHORIZED USE VEHICLE 3,40.863003221000035,-73.92425384299997
41,Bronx,"HARASSMENT,SUBD 1,CIVILIAN",40.81563577600008,-73.89693055399994
114,Queens,"LARCENY,GRAND FROM BUILDING (NON-RESIDENCE) UNATTENDED",40.75673732900003,-73.94103624999997
113,Queens,"LARCENY,GRAND BY OPEN/COMPROMISE CELL PHONE ACCT",40.67630359000003,-73.79281566199995
40,Bronx,VIOLATION OF ORDER OF PROTECTI,40.807952199000056,-73.92802994
88,Brooklyn,"HARASSMENT,SUBD 3,4,5",40.695864034000074,-73.98182244499998
34,Manhattan,"CRIMINAL MISCHIEF,UNCLASSIFIED 4",40.86587636400003,-73.92766355499998
47,Bronx,"ASSAULT 2,1,UNCLASSIFIED",40.87671493700003,-73.84618959399995
120,Staten Island,RAPE 1,40.64472613100002,-74.07748315899995
14,Manhattan,"LARCENY,PETIT FROM STORE-SHOPL",40.75043076800005,-73.98928217599996
83,Brooklyn,"LARCENY,GRAND BY CREDIT CARD ACCT COMPROMISE-EXISTING ACCT",40.70122876000005,-73.92461075999995
49,Bronx,"TRAFFIC,UNCLASSIFIED MISDEMEAN",40.86939302600007,-73.85761750399996
71,Brooklyn,"LARCENY,PETIT OF VEHICLE ACCES",40.67048640500008,-73.96166379
79,Brooklyn,"HARASSMENT,SUBD 3,4,5",40.69035535800003,-73.96029293099998
63,Brooklyn,RECKLESS DRIVING,40.61943335800004,-73.91920273099998
101,Queens,"CRIMINAL MISCHIEF,UNCLASSIFIED 4",40.594892637000044,-73.76150735799997
45,Bronx,ASSAULT 3,40.84220223700004,-73.84975706099993
79,Brooklyn,"CRIMINAL MISCHIEF,UNCLASSIFIED 4",40.68044287300006,-73.95035875699995
20,Manhattan,"LARCENY,PETIT FROM AUTO",40.78425197900003,-73.97489766599993
43,Bronx,"FORGERY,ETC.,UNCLASSIFIED-FELO",40.82851970000007,-73.88011180099994
61,Brooklyn,"HARASSMENT,SUBD 1,CIVILIAN",40.59505729800003,-73.93273517399997
101,Queens,"HARASSMENT,SUBD 1,CIVILIAN",40.610035502000066,-73.75358735299993
19,Manhattan,"LARCENY,PETIT FROM STORE-SHOPL",40.76944622800004,-73.95480879699994
46,Bronx,ASSAULT 3,40.85824940800006,-73.90234852599998
81,Brooklyn,"LARCENY,PETIT FROM BUILDING,UN",40.69110896600006,-73.92487101299997
72,Brooklyn,"CRIMINAL MISCHIEF,UNCLASSIFIED 4",40.64675458300008,-74.01758328399995
83,Brooklyn,"LARCENY,PETIT OF BICYCLE",40.69853039600008,-73.93797542699998
104,Queens,ASSAULT 3,40.700524794000046,-73.89798489199995
43,Bronx,STRANGULATION 1ST,40.824473219000026,-73.88203047499997
14,Manhattan,ASSAULT 3,40.74716135800003,-73.98549685399996
47,Bronx,"FORGERY,ETC.-MISD.",40.88356487500005,-73.84973591599999
72,Brooklyn,"CONTROLLED SUBSTANCE,POSSESS.",40.64460747700008,-74.02160057499998
100,Queens,"ASSAULT 2,1,UNCLASSIFIED",40.59604926800005,-73.80100094499993
113,Queens,"HARASSMENT,SUBD 3,4,5",40.68157873200005,-73.76547343099996
113,Queens,ASSAULT 3,40.68756007600007,-73.76169155199995
114,Queens,"LARCENY,PETIT FROM STORE-SHOPL",40.76261479400005,-73.91604370499994
46,Bronx,"MISCHIEF, CRIMINAL 4, OF MOTOR",40.84507355700004,-73.91838291799998
41,Bronx,"CRIMINAL MISCHIEF 4TH, GRAFFIT",40.82529286400006,-73.88647692699995
123,Staten Island,"HARASSMENT,SUBD 3,4,5",40.55114723500003,-74.19879623199995
81,Brooklyn,"TRAFFIC,UNCLASSIFIED MISDEMEAN",40.68197964800004,-73.92886895899994
7,Manhattan,"LARCENY,GRAND FROM NIGHT CLUB, UNATTENDED",40.72041667800004,-73.98724873099997
60,Brooklyn,ASSAULT 3,40.57482547700005,-73.99092660999997
40,Bronx,"BURGLARY,TRUCK NIGHT",40.81608887400005,-73.917688689
114,Queens,"IMPERSONATION 2, PUBLIC SERVAN",40.768449443000065,-73.92715203499995
88,Brooklyn,"LARCENY,PETIT FROM BUILDING,UN",40.69542708700004,-73.97873204599993
19,Manhattan,"LARCENY,PETIT FROM STORE-SHOPL",40.78201458700005,-73.94873757299997
44,Bronx,"MISCHIEF, CRIMINAL 4, OF MOTOR",40.82246558600008,-73.92691586299998
47,Bronx,"CONTROLLED SUBSTANCE,POSSESS.",40.88179268700002,-73.86371337599996
90,Brooklyn,WEAPONS POSSESSION 3,40.70589718700006,-73.942967561
46,Bronx,ASSAULT 3,40.85765340100005,-73.89561464899998
72,Brooklyn,"LARCENY,PETIT OF LICENSE PLATE",40.65211792100007,-74.01738287999996
60,Brooklyn,RECKLESS ENDANGERMENT 1,40.578910372000045,-73.96536306299998
60,Brooklyn,"MARIJUANA, POSSESSION 4 & 5",40.57557363000007,-73.98120362499998
43,Bronx,"LARCENY,PETIT FROM AUTO",40.83611056700005,-73.86907953999997
104,Queens,"LARCENY,PETIT FROM AUTO",40.70086688600002,-73.89384049799997
81,Brooklyn,WEAPONS POSSESSION 3,40.68121792900007,-73.92242685299993
48,Bronx,ASSAULT 3,40.84545510700008,-73.88886051499998
108,Queens,"LARCENY,PETIT FROM AUTO",40.743429220000046,-73.912643125
76,Brooklyn,"ROBBERY,PERSONAL ELECTRONIC DEVICE",40.680483580000036,-73.99332424899995
6,Manhattan,"LARCENY,GRAND OF BICYCLE",40.729584871000036,-74.00084573199997
70,Brooklyn,"CRIMINAL MISCHIEF,UNCLASSIFIED 4",40.638006186000034,-73.95819104199995
71,Brooklyn,WEAPONS POSSESSION 3,40.66836309700005,-73.93394814299995
70,Brooklyn,"BURGLARY,RESIDENCE,DAY",40.645409760000064,-73.96978607799997
71,Brooklyn,CRIMINAL CONTEMPT 1,40.66427956300004,-73.93047382199995
14,Manhattan,"LARCENY,GRAND BY FALSE PROMISE-NOT IN PERSON CONTACT",40.75160025400004,-73.99204306099993
34,Manhattan,CRIMINAL CONTEMPT 1,40.86218456800003,-73.92314489399996
49,Bronx,ASSAULT 3,40.85281215600002,-73.84273133599999
67,Brooklyn,STRANGULATION 1ST,40.65770647800008,-73.92711438099997
44,Bronx,"LARCENY,PETIT OF LICENSE PLATE",40.84303883000007,-73.917124055
111,Queens,"ADM.CODE,UNCLASSIFIED MISDEMEA",40.76900504500002,-73.77092383399997
49,Bronx,"BURGLARY,COMMERCIAL,DAY",40.84959376000006,-73.86770115399997
46,Bronx,"ASSAULT 2,1,UNCLASSIFIED",40.84905532900007,-73.90315722199995
106,Queens,"BURGLARY,COMMERCIAL,NIGHT",40.67484852200005,-73.80682239799995
77,Brooklyn,"LARCENY,PETIT FROM BUILDING,UN",40.67281873300004,-73.93074610999997
20,Manhattan,"CRIMINAL MISCHIEF,UNCLASSIFIED 4",40.78514404400005,-73.975020106
19,Manhattan,AGGRAVATED HARASSMENT 2,40.77480026400008,-73.95244750399996
52,Bronx,"LARCENY,GRAND BY IDENTITY THEFT-UNCLASSIFIED",40.873372465000045,-73.87893170999997
46,Bronx,"LARCENY,PETIT FROM STORE-SHOPL",40.85919134200003,-73.90626228299993
49,Bronx,"MENACING,UNCLASSIFIED",40.859649485000034,-73.86226209499995
61,Brooklyn,"MISCHIEF, CRIMINAL 3 & 2, OF M",40.60612142600007,-73.95487252799995
104,Queens,"LARCENY,GRAND FROM RESIDENCE, UNATTENDED",40.702254418000045,-73.908268202
104,Queens,"HARASSMENT,SUBD 3,4,5",40.708322733000045,-73.90444735199996
94,Brooklyn,"FORGERY,ETC.,UNCLASSIFIED-FELO",40.723942159000046,-73.95088555899997
71,Brooklyn,"THEFT OF SERVICES, UNCLASSIFIE",40.66170005300006,-73.93144608999995
113,Queens,"LARCENY,GRAND BY CREDIT CARD ACCT COMPROMISE-EXISTING ACCT",40.67054637900002,-73.77737225299995
44,Bronx,"MISCHIEF, CRIMINAL 3 & 2, OF M",40.83034308700008,-73.91894662799997
73,Brooklyn,"HARASSMENT,SUBD 3,4,5",40.66892692300007,-73.92258173299997
33,Manhattan,LEAVING SCENE-ACCIDENT-PERSONA,40.83371524300003,-73.94500815199996
102,Queens,"HARASSMENT,SUBD 3,4,5",40.712009611000035,-73.82545724799998
71,Brooklyn,ASSAULT 3,40.66457903600008,-73.93569288199996
69,Brooklyn,"FRAUD,UNCLASSIFIED-MISDEMEANOR",40.64189302300008,-73.91409846799998
49,Bronx,ASSAULT 3,40.85874494300003,-73.86561513299995
62,Brooklyn,"LARCENY,PETIT FROM AUTO",40.60889703000004,-74.00139883399999
67,Brooklyn,ASSAULT 3,40.65230351200007,-73.93915722699995
10,Manhattan,RAPE 3,40.74269929900004,-73.99865537999993
50,Bronx,"LARCENY,PETIT OF LICENSE PLATE",40.878645274000064,-73.89917975699996
30,Manhattan,"ROBBERY,BANK",40.82549764000004,-73.95127310099997
40,Bronx,"CONTROLLED SUBSTANCE, POSSESSI",40.81631908400004,-73.91720429499998
112,Queens,"ROBBERY,CAR JACKING",40.72941503200008,-73.86964996199998
9,Manhattan,"LARCENY,GRAND FROM OPEN AREAS, UNATTENDED",40.725491688000034,-73.98682564399996
46,Bronx,"LARCENY,PETIT FROM BUILDING,UN",40.85645238600006,-73.91003290799993
84,Brooklyn,"LARCENY,PETIT FROM AUTO",40.68565052600008,-73.98048752299998
50,Bronx,"HARASSMENT,SUBD 3,4,5",40.86815895400008,-73.90051533999997
14,Manhattan,"LARCENY,PETIT FROM BUILDING,UN",40.75279712600008,-73.99488344499997
81,Brooklyn,"BURGLARY,TRUCK DAY",40.69049179600006,-73.93953345899996
75,Brooklyn,BAIL JUMPING 1 & 2,40.68365711400003,-73.87218758899996
63,Brooklyn,"FORGERY,ETC.,UNCLASSIFIED-FELO",40.62835783200006,-73.92495605999993
50,Bronx,"SEXUAL ABUSE 3,2",40.883382579000056,-73.90233330899997
23,Manhattan,"INTOXICATED DRIVING,ALCOHOL",40.79293550500005,-73.94789852199995
83,Brooklyn,ASSAULT 3,40.703887405000046,-73.927269471
63,Brooklyn,"CRIMINAL MISCHIEF 4TH, GRAFFIT",40.62851560000007,-73.94138369799998
7,Manhattan,"LARCENY,GRAND BY EXTORTION",40.71281377800005,-73.98807622199998
40,Bronx,"LARCENY,PETIT FROM AUTO",40.81846860400003,-73.93026577299997
44,Bronx,"CONTROLLED SUBSTANCE, POSSESSI",40.840556940000056,-73.928417514
70,Brooklyn,"LARCENY,PETIT OF LICENSE PLATE",40.63430658900006,-73.95924540699998
60,Brooklyn,SEXUAL ABUSE,40.576157300000034,-73.97598379999994
101,Queens,"HARASSMENT,SUBD 3,4,5",40.601155332000076,-73.76638612099998
106,Queens,"ASSAULT 2,1,UNCLASSIFIED",40.653733688000045,-73.83558907299994
107,Queens,ASSAULT 3,40.73233335500004,-73.81077271899994
24,Manhattan,"LARCENY,GRAND BY FALSE PROMISE-NOT IN PERSON CONTACT",40.80092168300007,-73.959063944
7,Manhattan,"TAMPERING 1,CRIMINAL",40.71414236700008,-73.98933851099997
10,Manhattan,UNAUTHORIZED USE VEHICLE 3,40.748416471000034,-74.00588062999998
52,Bronx,"LARCENY,GRAND FROM PERSON,LUSH WORKER(SLEEPING/UNCON VICTIM)",40.88709771300007,-73.87802064599998
52,Bronx,"HARASSMENT,SUBD 3,4,5",40.865933238000025,-73.88593754299995
18,Manhattan,"HARASSMENT,SUBD 3,4,5",40.76506011300006,-73.98780695099998
14,Manhattan,"LARCENY,PETIT FROM STORE-SHOPL",40.75043076800005,-73.98928217599996
112,Queens,"HARASSMENT,SUBD 1,CIVILIAN",40.71262152100008,-73.83463582199995
40,Bronx,ASSAULT 3,40.81026310200008,-73.92352635399999
79,Brooklyn,"HARASSMENT,SUBD 3,4,5",40.69831250200008,-73.95314759599995
40,Bronx,RECKLESS ENDANGERMENT 1,40.80844050600007,-73.92337673099996
70,Brooklyn,PROMOTING A SEXUAL PERFORMANCE,40.63036654500007,-73.97371261299998
78,Brooklyn,"HARASSMENT,SUBD 3,4,5",40.66539994700002,-73.98283281999993
43,Bronx,"MISCHIEF, CRIMINAL 4, OF MOTOR",40.816708411000036,-73.84908121899997
28,Manhattan,"HARASSMENT,SUBD 3,4,5",40.79896399800003,-73.95031371999994
17,Manhattan,"LARCENY,GRAND OF BICYCLE",40.75592586700003,-73.96321362199996
34,Manhattan,"HARASSMENT,SUBD 3,4,5",40.84773440600002,-73.93307967699997
71,Brooklyn,"MISCHIEF,CRIMINAL,    UNCL 2ND",40.66297816200006,-73.93451216499993
42,Bronx,"HARASSMENT,SUBD 3,4,5",40.82309020400004,-73.90298905999998
71,Brooklyn,CRIMINAL CONTEMPT 1,40.66531300600008,-73.93284095299998
19,Manhattan,CRIMINAL CONTEMPT 1,40.777382268000046,-73.95056090299995
24,Manhattan,"HARASSMENT,SUBD 3,4,5",40.797686406000025,-73.96125465099993
5,Manhattan,"CRIMINAL MISCHIEF,UNCLASSIFIED 4",40.71330020400006,-73.99817621799998
10,Manhattan,"HARASSMENT,SUBD 3,4,5",40.745235456000046,-74.00039481899995
19,Manhattan,ASSAULT 3,40.76880962800004,-73.95527133099996
13,Manhattan,"LARCENY,PETIT BY ACQUIRING LOS",40.74479335700005,-73.99329254599996
60,Brooklyn,"SEXUAL ABUSE 3,2",40.576157300000034,-73.97598379999994
44,Bronx,"ROBBERY,DWELLING",40.83274124100007,-73.92187076299997
67,Brooklyn,"LARCENY,PETIT FROM STORE-SHOPL",40.655345114000056,-73.95151270399998
26,Manhattan,"CHILD, ENDANGERING WELFARE",40.81485028900005,-73.95668184799997
40,Bronx,"MENACING,UNCLASSIFIED",40.817975355000044,-73.91890027299998
63,Brooklyn,"HARASSMENT,SUBD 3,4,5",40.62732183600008,-73.94181704999993
23,Manhattan,"WEAPONS, POSSESSION, ETC",40.79032242500005,-73.94768749799994
25,Manhattan,"HARASSMENT,SUBD 3,4,5",40.800880893000055,-73.94095380699997
90,Brooklyn,STRANGULATION 1ST,40.71255729300003,-73.95183901599995
68,Brooklyn,ASSAULT 3,40.631585879000056,-74.02327524299993
52,Bronx,"MARIJUANA, SALE 4 & 5",40.86651330300003,-73.89263242799996
30,Manhattan,"ROBBERY,BICYCLE",40.82960971700004,-73.94620760599996
90,Brooklyn,"CRIMINAL MISCHIEF,UNCLASSIFIED 4",40.70322958000003,-73.93823794699995
121,Staten Island,"HARASSMENT,SUBD 3,4,5",40.61367673600006,-74.15813807499995
45,Bronx,"ASSAULT 2,1,UNCLASSIFIED",40.82115840400007,-73.82264546099998
75,Brooklyn,ASSAULT 3,40.66818803900002,-73.87513706799997
14,Manhattan,ASSAULT 3,40.75219869800003,-73.99346504499994
90,Brooklyn,"MISCHIEF, CRIMINAL 4, OF MOTOR",40.70510541300007,-73.93063322199998
113,Queens,"LARCENY,GRAND FROM OPEN AREAS, UNATTENDED",40.690951101000046,-73.75963844999995
18,Manhattan,AGGRAVATED HARASSMENT 2,40.770827222000044,-73.99261118899994
47,Bronx,"FORGERY,M.V. REGISTRATION",40.89063854200003,-73.85891021499998
47,Bronx,"LARCENY,PETIT FROM AUTO",40.88245660200005,-73.85666735599993
14,Manhattan,"LARCENY,PETIT FROM STORE-SHOPL",40.75043076800005,-73.98928217599996
68,Brooklyn,AGGRAVATED HARASSMENT 2,40.63430282900004,-74.02513168499998
110,Queens,"ROBBERY,OPEN AREA UNCLASSIFIED",40.74185009100006,-73.881003933
102,Queens,"LARCENY,PETIT FROM AUTO",40.70839300100005,-73.83545065399994
115,Queens,"ROBBERY, CHAIN STORE",40.750391645000036,-73.87826735099996
18,Manhattan,"HARASSMENT,SUBD 3,4,5",40.759216176000045,-73.98463874099998
113,Queens,"IMPERSONATION 1, POLICE OFFICE",40.67407606300003,-73.79814365199996
50,Bronx,"MISCHIEF, CRIMINAL 4, OF MOTOR",40.88286213100001,-73.90357448999998
70,Brooklyn,WEAPONS POSSESSION 1 & 2,40.646529505000046,-73.960333425
49,Bronx,"HARASSMENT,SUBD 1,CIVILIAN",40.85340834100003,-73.86484873899997
70,Brooklyn,"RAPE 1,ATTEMPT",40.63036654500007,-73.97371261299998
14,Manhattan,ASSAULT 3,40.758228573000046,-73.98907156499997
41,Bronx,"HARASSMENT,SUBD 3,4,5",40.81320150400006,-73.90039157199999
75,Brooklyn,ASSAULT 3,40.669874185000026,-73.88112152899998
83,Brooklyn,ASSAULT 3,40.69438303800007,-73.91258838199997
77,Brooklyn,"ROBBERY,PERSONAL ELECTRONIC DEVICE",40.67765941700002,-73.94976956899995
26,Manhattan,"LARCENY,GRAND BY OPEN/COMPROMISE CELL PHONE ACCT",40.80779657400007,-73.96547153799997
52,Bronx,RESISTING ARREST,40.86748377700008,-73.89740337199999
7,Manhattan,"ROBBERY,OPEN AREA UNCLASSIFIED",40.71774270100008,-73.98279048099994
75,Brooklyn,"MISCHIEF, CRIMINAL 4, OF MOTOR",40.658586092000064,-73.89062433899994
1,Manhattan,"LARCENY,GRAND BY THEFT OF CREDIT CARD",40.71905593100007,-74.00345741699994
73,Brooklyn,"PUBLIC ADMINISTATION,UNCLASS M",40.67111083400005,-73.91356336299998
42,Bronx,"HARASSMENT,SUBD 3,4,5",40.832986738000045,-73.89873218899999
71,Brooklyn,"LARCENY,GRAND OF AUTO",40.65649297900006,-73.96007521399997
73,Brooklyn,"ASSAULT 2,1,UNCLASSIFIED",40.668983739000055,-73.90667378399996
103,Queens,ASSAULT 3,40.70059059000005,-73.80774319999993
44,Bronx,"HARASSMENT,SUBD 1,CIVILIAN",40.82872386500002,-73.92319076799998
113,Queens,"FORGERY,M.V. REGISTRATION",40.690929166000046,-73.76229252599995
43,Bronx,"LARCENY,GRAND OF AUTO",40.82780907800003,-73.86542106199995
48,Bronx,"LARCENY,PETIT FROM AUTO",40.84912847900005,-73.89276530999997
41,Bronx,"ROBBERY,DELIVERY PERSON",40.824953118000046,-73.89583576699994
40,Bronx,"LARCENY,GRAND OF AUTO",40.819702045000035,-73.90160301699996
103,Queens,"BURGLARY,COMMERCIAL,NIGHT",40.70659994400006,-73.79560695699998
73,Brooklyn,"HARASSMENT,SUBD 3,4,5",40.66369904000004,-73.91991687299998
114,Queens,"CONTROLLED SUBSTANCE, POSSESSI",40.75688445100008,-73.94435328199995
49,Bronx,"LARCENY,PETIT FROM AUTO",40.84606415500008,-73.84163044699994
46,Bronx,"INTOXICATED DRIVING,ALCOHOL",40.85733449700007,-73.90452247599995
44,Bronx,"LARCENY,PETIT FROM AUTO",40.82921401300007,-73.917542369
40,Bronx,"CONTROLLED SUBSTANCE, POSSESSI",40.81698058400008,-73.92115225499998
100,Queens,ASSAULT 3,40.581056241000056,-73.82580667899998
84,Brooklyn,"LARCENY,PETIT FROM STORE-SHOPL",40.69240388700007,-73.99007040599997
81,Brooklyn,"HARASSMENT,SUBD 3,4,5",40.684998931000045,-73.93844592999993
19,Manhattan,"LARCENY,PETIT FROM BUILDING,UN",40.77674022400004,-73.94499743099993
20,Manhattan,"LARCENY,PETIT FROM STORE-SHOPL",40.77074168100006,-73.98737989899996
28,Manhattan,"ASSAULT 2,1,UNCLASSIFIED",40.80965086800006,-73.94783847699995
103,Queens,"FRAUD,UNCLASSIFIED-MISDEMEANOR",40.70691176400004,-73.77028599999993
17,Manhattan,"LARCENY,PETIT FROM STORE-SHOPL",40.74379482300003,-73.97656213999993
46,Bronx,SODOMY 1,40.85396027400003,-73.90012087499997
123,Staten Island,"HARASSMENT,SUBD 3,4,5",40.546583773000066,-74.21926351199994
47,Bronx,"FORGERY,M.V. REGISTRATION",40.90102711600008,-73.85227923599997
68,Brooklyn,WEAPONS POSSESSION 3,40.631310548000044,-74.01033049899996
68,Brooklyn,AGGRAVATED HARASSMENT 2,40.61635892600003,-74.03014602499996
33,Manhattan,ASSAULT 3,40.84314452700004,-73.94186321999997
42,Bronx,CRIMINAL DISPOSAL FIREARM 1 &,40.82425343500006,-73.91632725799997
33,Manhattan,"STOLEN PROPERTY 2,1,POSSESSION",40.83269429000006,-73.93967886699994
42,Bronx,"LARCENY,PETIT OF VEHICLE ACCES",40.82670544500007,-73.903522174
90,Brooklyn,WEAPONS POSSESSION 3,40.71104550900003,-73.96057999199996
88,Brooklyn,"HARASSMENT,SUBD 1,CIVILIAN",40.695864034000074,-73.98182244499998
66,Brooklyn,"LARCENY,PETIT FROM OPEN AREAS,",40.63298252800007,-73.99626170399995
28,Manhattan,"MENACING,UNCLASSIFIED",40.80292022000003,-73.95286085999999
42,Bronx,"ASSAULT 2,1,UNCLASSIFIED",40.83707352300007,-73.88682182899998
75,Brooklyn,"BURGLARY,COMMERCIAL,NIGHT",40.67593806600007,-73.86670091499997
45,Bronx,"LARCENY,GRAND FROM RESIDENCE, UNATTENDED",40.82534812000005,-73.82347256899999
9,Manhattan,"LARCENY,PETIT FROM BUILDING,UN",40.72505850600004,-73.99220858099994
49,Bronx,"CONTROLLED SUBSTANCE, INTENT T",40.86966460100007,-73.86432758499996
41,Bronx,"HARASSMENT,SUBD 3,4,5",40.827208219000056,-73.89772201899994
107,Queens,"SEXUAL ABUSE 3,2",40.729939364000074,-73.81043314199997
32,Manhattan,"HARASSMENT,SUBD 3,4,5",40.811986508000075,-73.94757654399997
14,Manhattan,"FORGERY,ETC.,UNCLASSIFIED-FELO",40.753149403000066,-73.97903484999993
9,Manhattan,"LARCENY,GRAND FROM RESIDENCE, UNATTENDED",40.72949082200005,-73.98703051199995
43,Bronx,"TRESPASS 4,CRIMINAL SUB 2",40.83183174900006,-73.86925057099995
46,Bronx,"MENACING,UNCLASSIFIED",40.846510852000044,-73.92098713599995
75,Brooklyn,WEAPONS POSSESSION 1 & 2,40.67134926000005,-73.89958683499998
44,Bronx,"LARCENY,PETIT OF BICYCLE",40.83681919600008,-73.91695833699998
19,Manhattan,"ASSAULT 2,1,UNCLASSIFIED",40.764846128000045,-73.96272495999993
1,Manhattan,"CRIMINAL MISCHIEF 4TH, GRAFFIT",40.71991231800007,-74.00260247599994
100,Queens,ASSAULT 3,40.57396185600004,-73.84980607399994
79,Brooklyn,AGGRAVATED HARASSMENT 2,40.699590998000076,-73.95177985899994
18,Manhattan,"HARASSMENT,SUBD 1,CIVILIAN",40.766597244000025,-73.98854312299993
68,Brooklyn,WEAPONS POSSESSION 3,40.620433247000044,-74.02583968999993
104,Queens,"BURGLARY,COMMERCIAL,NIGHT",40.72476432800004,-73.89857554399998
77,Brooklyn,ASSAULT 3,40.67608837500006,-73.96131086999998
69,Brooklyn,CRIMINAL CONTEMPT 1,40.63549437000006,-73.88516405399997
113,Queens,"LARCENY,PETIT FROM STORE-SHOPL",40.69947806900007,-73.76309873899999
13,Manhattan,"HARASSMENT,SUBD 3,4,5",40.74110892700002,-73.983585572
5,Manhattan,"BURGLARY,RESIDENCE,DAY",40.72301662600006,-73.99684471199998
114,Queens,"LARCENY,PETIT FROM BUILDING,UN",40.77089860000007,-73.92421057799999
25,Manhattan,OBSCENITY 1,40.80339186800006,-73.94008107499997
10,Manhattan,"LARCENY,PETIT FROM BUILDING,UN",40.75247335900008,-74.00000144899997
44,Bronx,WEAPONS POSSESSION 1 & 2,40.83772938900006,-73.92761826599997
83,Brooklyn,"MISCHIEF, CRIMINAL 4, OF MOTOR",40.69438303800007,-73.91258838199997
103,Queens,"BURGLARY,COMMERCIAL,NIGHT",40.704475838000064,-73.79735550699996
19,Manhattan,"LARCENY,PETIT FROM BUILDING,UN",40.77950599700006,-73.95558550399994
62,Brooklyn,"SEXUAL ABUSE 3,2",40.60260317900003,-74.00308766099994
81,Brooklyn,"THEFT OF SERVICES, UNCLASSIFIE",40.69699455600005,-73.93522525599997
13,Manhattan,STRANGULATION 1ST,40.745410898000046,-73.99284136899996
48,Bronx,"LARCENY,PETIT FROM AUTO",40.85210278200003,-73.89470522499995
47,Bronx,RAPE 1,40.88745131300004,-73.84760778699997
14,Manhattan,"MENACING,PEACE OFFICER",40.75626620700007,-73.99050124799999
75,Brooklyn,"LARCENY,PETIT FROM AUTO",40.68017827800003,-73.90168990199999
88,Brooklyn,"ASSAULT 2,1,UNCLASSIFIED",40.68376560900003,-73.97098738499993
75,Brooklyn,"LARCENY,PETIT FROM AUTO",40.67438360700004,-73.88356133399996
122,Staten Island,"HARASSMENT,SUBD 1,CIVILIAN",40.58183635000006,-74.08661558299997
13,Manhattan,"LARCENY,PETIT FROM AUTO",40.73972433900008,-73.97647696499997
75,Brooklyn,"ROBBERY,CLOTHING",40.675494798000045,-73.90065131699998
113,Queens,"FORGERY,ETC.,UNCLASSIFIED-FELO",40.68997415500007,-73.79676854399997
84,Brooklyn,"LARCENY,PETIT FROM BUILDING,UN",40.69010641500005,-73.98897094299997
42,Bronx,"FORGERY,M.V. REGISTRATION",40.83492585800008,-73.89412529599997
79,Brooklyn,LEAVING SCENE-ACCIDENT-PERSONA,40.68114495900005,-73.95566903799994
75,Brooklyn,"LARCENY,GRAND OF MOTORCYCLE",40.663161856000045,-73.87983227999997
73,Brooklyn,ASSAULT 3,40.66892692300007,-73.92258173299997
67,Brooklyn,"INTOXICATED DRIVING,ALCOHOL",40.646151601000035,-73.93270528699998
47,Bronx,"FORGERY,ETC.,UNCLASSIFIED-FELO",40.87832258200007,-73.87014996799998
107,Queens,"SEXUAL ABUSE 3,2",40.729939364000074,-73.81043314199997
33,Manhattan,"INTOXICATED DRIVING,ALCOHOL",40.835367922000046,-73.94021851199994
102,Queens,"HARASSMENT,SUBD 3,4,5",40.70474350600006,-73.82681075699998
115,Queens,SODOMY 1,40.75686097700003,-73.87565666399996
107,Queens,AGGRAVATED HARASSMENT 2,40.73040908400003,-73.83000578099995
83,Brooklyn,"MISCHIEF, CRIMINAL 4, OF MOTOR",40.69040824300004,-73.92364578499998
18,Manhattan,"HARASSMENT,SUBD 1,CIVILIAN",40.76297132000008,-73.97186979099996
18,Manhattan,"HARASSMENT,SUBD 3,4,5",40.756352479000036,-73.97879561399996
66,Brooklyn,"MISCHIEF, CRIMINAL 3 & 2, OF M",40.64389830700002,-73.99169916199997
75,Brooklyn,AGGRAVATED HARASSMENT 2,40.67182947600002,-73.89635609299995
19,Manhattan,"LARCENY,PETIT FROM STORE-SHOPL",40.76187469000007,-73.96635808399996
41,Bronx,"SEXUAL ABUSE 3,2",40.816391847000034,-73.89529641399997
113,Queens,ASSAULT POLICE/PEACE OFFICER,40.692335336000035,-73.77640880799999
112,Queens,"SEXUAL ABUSE 3,2",40.72236368700004,-73.85147389399998
40,Bronx,AGGRAVATED HARASSMENT 2,40.812296927000034,-73.92350234199995
19,Manhattan,ASSAULT 3,40.77720182400003,-73.95223998299997
18,Manhattan,ASSAULT 3,40.75570186700002,-73.97822191599995
102,Queens,"LARCENY,PETIT OF LICENSE PLATE",40.69620965000007,-73.84585952099997
102,Queens,STRANGULATION 1ST,40.71336457500007,-73.82847651899993
41,Bronx,"LARCENY,PETIT FROM STORE-SHOPL",40.819885621000026,-73.90122699799997
6,Manhattan,"LARCENY,GRAND BY OPEN/COMPROMISE CELL PHONE ACCT",40.73197830100002,-73.999810214
19,Manhattan,"HARASSMENT,SUBD 3,4,5",40.77771568000002,-73.94729661799995
5,Manhattan,RAPE 1,40.716195914000025,-73.99749074599998
123,Staten Island,"CONTROLLED SUBSTANCE,INTENT TO",40.51913451000007,-74.19713646499997
14,Manhattan,"LARCENY,PETIT FROM BUILDING,UN",40.74811369600008,-73.98480370799997
77,Brooklyn,"HARASSMENT,SUBD 3,4,5",40.67424444300008,-73.94869783199994
13,Manhattan,"MISCHIEF, CRIMINAL 4, OF MOTOR",40.74115171300008,-73.97698528499996
81,Brooklyn,AGGRAVATED HARASSMENT 2,40.682420166000036,-73.91849545499997
34,Manhattan,"LARCENY,PETIT FROM STORE-SHOPL",40.86308649800003,-73.92569263699994
40,Bronx,"ASSAULT 2,1,UNCLASSIFIED",40.81834303800008,-73.91874447199997
79,Brooklyn,AGGRAVATED HARASSMENT 2,40.69366726100003,-73.94451782999994
40,Bronx,ASSAULT 3,40.80845065900007,-73.92632076799998
17,Manhattan,"HARASSMENT,SUBD 3,4,5",40.746629234000075,-73.97242525499998
68,Brooklyn,"LARCENY,GRAND FROM VEHICLE/MOTORCYCLE",40.620809329000046,-74.00512013099996
102,Queens,"LARCENY,PETIT OF LICENSE PLATE",40.69530127600007,-73.86568852799998
43,Bronx,"HARASSMENT,SUBD 1,CIVILIAN",40.82230298400003,-73.85617185899997
47,Bronx,"ROBBERY,PERSONAL ELECTRONIC DEVICE",40.90456196300004,-73.84781816599997
73,Brooklyn,RECKLESS ENDANGERMENT 1,40.675221247000025,-73.91938390099993
110,Queens,"BURGLARY,RESIDENCE,UNKNOWN TIM",40.73644677300007,-73.88756648899994
68,Brooklyn,"LARCENY,GRAND BY EXTORTION",40.62845741500007,-74.02011828599996
41,Bronx,"LARCENY,PETIT FROM AUTO",40.812446462000025,-73.90011092299993
14,Manhattan,"CRIMINAL MISCHIEF 4TH, GRAFFIT",40.753173041000025,-73.99275391199996
78,Brooklyn,ASSAULT 3,40.66245192500002,-73.98197932899996
13,Manhattan,"LARCENY,PETIT FROM STORE-SHOPL",40.74388476800004,-73.99209811499998
62,Brooklyn,"TRESPASS 4,CRIMINAL SUB 2",40.60497648900008,-74.01500453799997
107,Queens,"ROBBERY,PERSONAL ELECTRONIC DEVICE",40.71266395500004,-73.79606450499993
109,Queens,ASSAULT 3,40.76396641900004,-73.82813322099996
14,Manhattan,"LARCENY,PETIT FROM STORE-SHOPL",40.75012867000004,-73.98753177899994
44,Bronx,"HARASSMENT,SUBD 3,4,5",40.84483626100007,-73.91663388399996
19,Manhattan,"LARCENY,PETIT BY ACQUIRING LOS",40.77950599700006,-73.95558550399994
47,Bronx,"MARIJUANA, POSSESSION 1, 2 & 3",40.88923145900003,-73.85968356299998
32,Manhattan,"HARASSMENT,SUBD 3,4,5",40.815929553000046,-73.94516735699995
17,Manhattan,"LARCENY,PETIT FROM STORE-SHOPL",40.759923583000045,-73.96778129099994
50,Bronx,"HARASSMENT,SUBD 3,4,5",40.87593313800004,-73.90192479599993
73,Brooklyn,"HARASSMENT,SUBD 1,CIVILIAN",40.677292057000045,-73.90652155499998
120,Staten Island,LURING A CHILD,40.635259993000034,-74.126321052
60,Brooklyn,"LARCENY,PETIT FROM OPEN AREAS,",40.57647614900003,-73.96677544099998
19,Manhattan,"LARCENY,PETIT FROM STORE-SHOPL",40.77173892500008,-73.95018600799993
72,Brooklyn,CRIMINAL CONTEMPT 1,40.64511408300007,-74.01032182599994
69,Brooklyn,"MENACING,UNCLASSIFIED",40.63530664300004,-73.91559856999999
67,Brooklyn,"FORGERY,ETC.,UNCLASSIFIED-FELO",40.66323721100008,-73.93158147999998
73,Brooklyn,"LARCENY,PETIT FROM BUILDING,UN",40.66892692300007,-73.92258173299997
49,Bronx,"MISCHIEF,CRIMINAL,    UNCL 2ND",40.85557168400004,-73.86766034499993
52,Bronx,ASSAULT 3,40.86743201600007,-73.89181744999998
48,Bronx,ASSAULT 3,40.84151174600004,-73.88408199799993
66,Brooklyn,"ROBBERY,CAR JACKING",40.63933945600007,-73.99622891899996
24,Manhattan,"LARCENY,PETIT FROM STORE-SHOPL",40.794515091000044,-73.96632353299998
5,Manhattan,"HARASSMENT,SUBD 1,CIVILIAN",40.72261019100006,-73.99233874299993
44,Bronx,"MISCHIEF, CRIMINAL 4, OF MOTOR",40.83289538100007,-73.92671649599998
115,Queens,"LARCENY,PETIT FROM STORE-SHOPL",40.76303958000005,-73.87582201199997
46,Bronx,"ARSON 2,3,4",40.849456428000046,-73.921728235
18,Manhattan,"LARCENY,PETIT FROM STORE-SHOPL",40.76795511000005,-73.982362342
79,Brooklyn,"LARCENY,GRAND BY OPEN CREDIT CARD (NEW ACCT)",40.691471233000065,-73.94407972599998
18,Manhattan,"ASSAULT 2,1,UNCLASSIFIED",40.76377507700005,-73.98377853199997
52,Bronx,ASSAULT 3,40.880335555000045,-73.87874183599996
103,Queens,"HARASSMENT,SUBD 3,4,5",40.705467835000036,-73.79489628999994
75,Brooklyn,"CONTROLLED SUBSTANCE, INTENT T",40.65730191800003,-73.879997813
44,Bronx,"MARIJUANA, POSSESSION 4 & 5",40.83700138800003,-73.92239338699994
46,Bronx,"ASSAULT 2,1,UNCLASSIFIED",40.84711223000005,-73.91747680999998
71,Brooklyn,"LARCENY,PETIT OF LICENSE PLATE",40.66207687900004,-73.95537172999997
103,Queens,STRANGULATION 1ST,40.68800656500007,-73.80332630399994
52,Bronx,"CONTROLLED SUBSTANCE,INTENT TO",40.86033018200004,-73.90943477799993
40,Bronx,ASSAULT 3,40.80904299700006,-73.91369851599995
41,Bronx,"MARIJUANA, POSSESSION",40.791151867000046,-73.884371919
32,Manhattan,"CONTEMPT,CRIMINAL",40.814712230000055,-73.94227461199995
14,Manhattan,"LARCENY,PETIT FROM STORE-SHOPL",40.749733638000066,-73.98967568499995
34,Manhattan,"ROBBERY,OPEN AREA UNCLASSIFIED",40.85920082200005,-73.92276152799997
90,Brooklyn,"CRIMINAL MISCHIEF 4TH, GRAFFIT",40.70867333100006,-73.95857955299994
63,Brooklyn,"HARASSMENT,SUBD 3,4,5",40.63138484800004,-73.93305523299993
43,Bronx,WEAPONS POSSESSION 3,40.82618399900008,-73.84969928199997
18,Manhattan,"LARCENY,PETIT FROM OPEN AREAS,",40.76239442000008,-73.98342149499997
88,Brooklyn,"LARCENY,GRAND FROM OPEN AREAS, UNATTENDED",40.688490055000045,-73.97388081099997
63,Brooklyn,"HARASSMENT,SUBD 3,4,5",40.62600474100003,-73.92798837099998
113,Queens,"HARASSMENT,SUBD 3,4,5",40.698995618000026,-73.75423589299999
14,Manhattan,"LARCENY,PETIT BY FALSE PROMISE",40.759768442000045,-73.98981129799995
17,Manhattan,ASSAULT 3,40.75252677200007,-73.96879547099996
40,Bronx,ASSAULT 3,40.81842782300004,-73.92228859599999
62,Brooklyn,ASSAULT 3,40.59881263200003,-73.99770761099995
18,Manhattan,"LARCENY,GRAND BY DISHONEST EMP",40.76650863200007,-73.98236272499997
43,Bronx,CRIMINAL CONTEMPT 1,40.826163303000044,-73.87115146299993
13,Manhattan,"STOLEN PROPERTY 2,1,POSSESSION",40.735211323000044,-73.99169139799993
19,Manhattan,"LARCENY,PETIT FROM STORE-SHOPL",40.76453553900007,-73.97072838799994
52,Bronx,"LARCENY,GRAND BY EXTORTION",40.86940749200004,-73.87999831299999
44,Bronx,"CONTROLLED SUBSTANCE,POSSESS.",40.84518851800004,-73.91416485899998
103,Queens,"HARASSMENT,SUBD 3,4,5",40.69899654900007,-73.80488070299998
42,Bronx,SEXUAL ABUSE,40.82256991600008,-73.91130716899994
71,Brooklyn,"HARASSMENT,SUBD 1,CIVILIAN",40.66292739000005,-73.94795681099998
78,Brooklyn,"LARCENY,GRAND FROM PERSON,PERSONAL ELECTRONIC DEVICE(SNATCH)",40.67596542000007,-73.97286545699995
40,Bronx,AGGRAVATED HARASSMENT 2,40.81139956100003,-73.905238619
79,Brooklyn,AGGRAVATED HARASSMENT 2,40.69445782500002,-73.95070172699997
60,Brooklyn,CRIMINAL CONTEMPT 1,40.591329037000044,-73.98274384199993
69,Brooklyn,LEAVING SCENE-ACCIDENT-PERSONA,40.65003394200004,-73.89125460099996
102,Queens,"ROBBERY,POCKETBOOK/CARRIED BAG",40.69687289500007,-73.83716682999993
105,Queens,"FRAUD,UNCLASSIFIED-MISDEMEANOR",40.71173839800008,-73.73512536899995
23,Manhattan,AGGRAVATED HARASSMENT 2,40.78621722200006,-73.94380515399996
77,Brooklyn,AGGRAVATED HARASSMENT 2,40.67498697000008,-73.94584562599994
90,Brooklyn,ASSAULT 3,40.71107159500008,-73.95000409899995
43,Bronx,RAPE 3,40.82310129900002,-73.86969046099993
52,Bronx,"MISCHIEF, CRIMINAL 4, OF MOTOR",40.87421741100008,-73.87853242199996
6,Manhattan,"SEXUAL ABUSE 3,2",40.734226128000046,-74.00540668899998
52,Bronx,"MISCHIEF, CRIMINAL 4, OF MOTOR",40.87915851600008,-73.87656342899999
101,Queens,SODOMY 1,40.60295159100008,-73.74997626099997
104,Queens,"HARASSMENT,SUBD 3,4,5",40.72616225000007,-73.88765238999997
73,Brooklyn,"HARASSMENT,SUBD 3,4,5",40.67541508500005,-73.90374463299997
13,Manhattan,ASSAULT 3,40.74479335700005,-73.99329254599996
110,Queens,"LARCENY,PETIT FROM STORE-SHOPL",40.734485480000046,-73.86801268899995
40,Bronx,"CONTROLLED SUBSTANCE, POSSESSI",40.81486354100008,-73.91990116399995
120,Staten Island,VIOLATION OF ORDER OF PROTECTI,40.607438986000034,-74.06257308199997
108,Queens,"HARASSMENT,SUBD 3,4,5",40.73991171500006,-73.90389684599995
5,Manhattan,"LARCENY,PETIT BY FALSE PROMISE",40.72405138100004,-73.99618083599995
24,Manhattan,"HARASSMENT,SUBD 3,4,5",40.80143415400005,-73.96498722399997
66,Brooklyn,CRIMINAL CONTEMPT 1,40.63769400900002,-73.98217697899997
68,Brooklyn,"LARCENY,GRAND OF AUTO",40.63179040400007,-74.02913341299995
104,Queens,"HARASSMENT,SUBD 3,4,5",40.70369657400005,-73.89667082199998
52,Bronx,"LARCENY,PETIT FROM AUTO",40.87785232600004,-73.87178898099995
24,Manhattan,"LARCENY,PETIT OF VEHICLE ACCES",40.79858457300003,-73.97315498899997
109,Queens,"LARCENY,GRAND FROM STORE-SHOPL",40.77851795200007,-73.77631440599998
60,Brooklyn,"CONTROLLED SUBSTANCE, POSSESSI",40.583100608000045,-73.98635690799993
28,Manhattan,"CONTEMPT,CRIMINAL",40.80326882400004,-73.94661899399993
73,Brooklyn,CRIMINAL CONTEMPT 1,40.67655347200008,-73.913224632
14,Manhattan,"LARCENY,PETIT FROM STORE-SHOPL",40.75043076800005,-73.98928217599996
43,Bronx,"ROBBERY,PERSONAL ELECTRONIC DEVICE",40.83443366900008,-73.87925552699994
1,Manhattan,"LARCENY,PETIT FROM STORE-SHOPL",40.72100747400003,-74.00273599999997
45,Bronx,"HARASSMENT,SUBD 1,CIVILIAN",40.86880092300004,-73.83167313199993
18,Manhattan,"FORGERY,ETC.-MISD.",40.760157529000026,-73.98395267899997
48,Bronx,AGGRAVATED HARASSMENT 2,40.84848851200008,-73.89526396599996
30,Manhattan,"SEXUAL ABUSE 3,2",40.82885104500008,-73.94383419099995
10,Manhattan,"HARASSMENT,SUBD 3,4,5",40.75979352100006,-73.99585391499993
120,Staten Island,"HARASSMENT,SUBD 1,CIVILIAN",40.61755821700007,-74.08142462899998
72,Brooklyn,"CHILD, ENDANGERING WELFARE",40.65819343200008,-74.00103224299994
115,Queens,OBSTR BREATH/CIRCUL,40.76687900600007,-73.87794841
62,Brooklyn,"LARCENY,PETIT FROM OPEN AREAS,",40.59269704700006,-73.99330421699995
122,Staten Island,"HARASSMENT,SUBD 3,4,5",40.56431806000006,-74.11014197799993
100,Queens,"CRIMINAL MISCHIEF,UNCLASSIFIED 4",40.593389655000074,-73.79948217199995
34,Manhattan,"MISCHIEF, CRIMINAL 4, OF MOTOR",40.862764879000046,-73.916925941
40,Bronx,AGGRAVATED HARASSMENT 2,40.81027545200004,-73.92562154799998
103,Queens,"LARCENY,GRAND FROM VEHICLE/MOTORCYCLE",40.71011844700007,-73.75729330899996
52,Bronx,"MENACING,UNCLASSIFIED",40.862794075000075,-73.90169110199997
41,Bronx,"LARCENY,GRAND OF AUTO",40.82394493200008,-73.89487262899996
61,Brooklyn,"HARASSMENT,SUBD 3,4,5",40.58694160700002,-73.95025544099997
41,Bronx,SEXUAL ABUSE,40.816391847000034,-73.89529641399997
24,Manhattan,"ROBBERY,BEGIN AS SHOPLIFTING",40.80174236200002,-73.96772493099996
84,Brooklyn,"HARASSMENT,SUBD 3,4,5",40.693471325000075,-73.98724306499997
115,Queens,"HARASSMENT,SUBD 3,4,5",40.76365123700003,-73.87543100299997
7,Manhattan,"LARCENY,GRAND BY EXTORTION",40.72019999600008,-73.98873508199993
25,Manhattan,"LARCENY,PETIT FROM STORE-SHOPL",40.795581553000034,-73.93229781499997
75,Brooklyn,"ROBBERY,PUBLIC PLACE INSIDE",40.68336577100007,-73.87685734399997
83,Brooklyn,"LARCENY,GRAND FROM RESIDENCE, UNATTENDED",40.69340264400005,-73.91940879799995
120,Staten Island,"HARASSMENT,SUBD 3,4,5",40.608883423000066,-74.08315718899996
13,Manhattan,"PUBLIC ADMINISTATION,UNCLASS M",40.791151867000046,-73.884371919
49,Bronx,LEAVING SCENE-ACCIDENT-PERSONA,40.85657672800004,-73.84389367799997
52,Bronx,"HARASSMENT,SUBD 3,4,5",40.86984932700005,-73.89394675999995
75,Brooklyn,"LARCENY,PETIT FROM AUTO",40.67141166300007,-73.88151172399995
14,Manhattan,"LARCENY,PETIT FROM STORE-SHOPL",40.75043076800005,-73.98928217599996
43,Bronx,"LARCENY,PETIT FROM STORE-SHOPL",40.82855489200006,-73.87964199199997
18,Manhattan,"LARCENY,PETIT FROM STORE-SHOPL",40.762977758000034,-73.97607166899996
121,Staten Island,UNAUTHORIZED USE VEHICLE 3,40.63739917600003,-74.16071284299994
67,Brooklyn,"HARASSMENT,SUBD 1,CIVILIAN",40.64583490100006,-73.95262229399998
61,Brooklyn,"HARASSMENT,SUBD 3,4,5",40.598738860000026,-73.95733338799994
113,Queens,"LARCENY,GRAND FROM VEHICLE/MOTORCYCLE",40.69880347700007,-73.74914435999993
121,Staten Island,CRIMINAL CONTEMPT 1,40.62253255300004,-74.16324186399999
9,Manhattan,"LARCENY,PETIT FROM BUILDING,UN",40.72831559100007,-73.98333255599994
50,Bronx,"BURGLARY,RESIDENCE,DAY",40.872091797000046,-73.903384008
90,Brooklyn,"LARCENY,PETIT FROM BUILDING,UN",40.709256058000044,-73.95357995299997
84,Brooklyn,"LARCENY,GRAND FROM STORE-SHOPL",40.69240388700007,-73.99007040599997
5,Manhattan,"ASSAULT 2,1,UNCLASSIFIED",40.714137306000055,-73.99614172299994
102,Queens,"FRAUD,UNCLASSIFIED-MISDEMEANOR",40.696716855000034,-73.85383183499994
84,Brooklyn,"PUBLIC ADMINISTATION,UNCLASS M",40.791151867000046,-73.884371919
75,Brooklyn,"HARASSMENT,SUBD 3,4,5",40.68293950100008,-73.88398266499998
18,Manhattan,"LARCENY,GRAND FROM RETAIL STORE, UNATTENDED",40.758232371000084,-73.97743058499998
47,Bronx,"ROBBERY,OPEN AREA UNCLASSIFIED",40.899352815000036,-73.85659836499997
71,Brooklyn,"INTOXICATED DRIVING,ALCOHOL",40.66948809300004,-73.94357906499994
44,Bronx,"MISCHIEF, CRIMINAL 3 & 2, OF M",40.827819901000055,-73.92593075599996
19,Manhattan,ASSAULT 3,40.77654471900007,-73.94962638099996
44,Bronx,"FORGERY,ETC.,UNCLASSIFIED-FELO",40.83001313200003,-73.91811231199993
26,Manhattan,"TRESPASS 2, CRIMINAL",40.81159538100008,-73.95757625299996
73,Brooklyn,RAPE 3,40.670655072000045,-73.91339091999998
52,Bronx,"FORGERY,ETC.,UNCLASSIFIED-FELO",40.872967483000025,-73.87494056299995
77,Brooklyn,"CONTROLLED SUBSTANCE, POSSESSI",40.678250863000066,-73.95289129299994
9,Manhattan,"HARASSMENT,SUBD 1,CIVILIAN",40.72673825600003,-73.99160225699995
77,Brooklyn,"CRIMINAL MISCHIEF,UNCLASSIFIED 4",40.67288014500008,-73.92369108599996
23,Manhattan,"CRIMINAL MISCHIEF,UNCLASSIFIED 4",40.794629858000064,-73.94982216799998
67,Brooklyn,"ROBBERY,PERSONAL ELECTRONIC DEVICE",40.651473717000044,-73.91982703499998
52,Bronx,ASSAULT 3,40.86234874500008,-73.91098659099998
19,Manhattan,"ROBBERY,PERSONAL ELECTRONIC DEVICE",40.76687624700002,-73.95977800299994
103,Queens,"HARASSMENT,SUBD 3,4,5",40.702444153000044,-73.80336666299998
123,Staten Island,"LARCENY,PETIT OF LICENSE PLATE",40.55107778900003,-74.17752214899998
70,Brooklyn,WEAPONS POSSESSION 3,40.64638717500002,-73.97084147699996
50,Bronx,"CRIMINAL MISCHIEF 4TH, GRAFFIT",40.895204963000026,-73.88011089099997
70,Brooklyn,"FORGERY,ETC.,UNCLASSIFIED-FELO",40.63545319600007,-73.95043545799997
71,Brooklyn,"CRIMINAL MISCHIEF 4TH, GRAFFIT",40.66331442400008,-73.94799976199994
32,Manhattan,COERCION 1,40.813488994000075,-73.95010779699999
76,Brooklyn,"CRIMINAL MISCHIEF 4TH, GRAFFIT",40.67474991700004,-73.99776989499998
77,Brooklyn,"LARCENY,GRAND FROM PERSON,PERSONAL ELECTRONIC DEVICE(SNATCH)",40.67066627200006,-73.95797590799998
43,Bronx,"LARCENY,PETIT OF LICENSE PLATE",40.81919004300004,-73.87977092899997
73,Brooklyn,RAPE 1,40.670655072000045,-73.91339091999998
46,Bronx,"LARCENY,GRAND BY ACQUIRING LOST CREDIT CARD",40.84830899400004,-73.90342577999998
5,Manhattan,"ASSAULT 2,1,UNCLASSIFIED",40.71779864800004,-73.992660356
103,Queens,"LARCENY,PETIT FROM OPEN AREAS,",40.708613623000076,-73.76355681399998
26,Manhattan,"CRIMINAL MISCHIEF 4TH, GRAFFIT",40.814508157000034,-73.95931208599995
109,Queens,"LARCENY,PETIT FROM STORE-SHOPL",40.759869755000075,-73.82897041199995
52,Bronx,CRIMINAL CONTEMPT 1,40.88220104000004,-73.88318653
73,Brooklyn,ASSAULT 3,40.669193922000034,-73.90524959899994
75,Brooklyn,"HARASSMENT,SUBD 1,CIVILIAN",40.661913321000036,-73.89717527999993
123,Staten Island,AGGRAVATED HARASSMENT 2,40.509952748000046,-74.24822955899998
115,Queens,"WEAPONS, POSSESSION, ETC",40.75092411000002,-73.87316295099998
67,Brooklyn,AGGRAVATED HARASSMENT 2,40.64820501500003,-73.94348895199995
5,Manhattan,ASSAULT POLICE/PEACE OFFICER,40.71634415200003,-74.00125319299997
47,Bronx,"HARASSMENT,SUBD 3,4,5",40.905853182000044,-73.85299565299994
67,Brooklyn,CRIMINAL CONTEMPT 1,40.649196637000045,-73.94504491399994
61,Brooklyn,"LARCENY,GRAND OF MOTORCYCLE",40.58989889300005,-73.94666353199995
81,Brooklyn,"LARCENY,PETIT FROM BUILDING,UN",40.69093876200003,-73.92915508999994
40,Bronx,"CONTROLLED SUBSTANCE, POSSESSI",40.816043904000026,-73.91622558399997
73,Brooklyn,"MARIJUANA, SALE 4 & 5",40.66834956600008,-73.90651606299997
40,Bronx,VIOLATION OF ORDER OF PROTECTI,40.81232435900005,-73.90841995099998
75,Brooklyn,"LARCENY,GRAND FROM VEHICLE/MOTORCYCLE",40.67628863200008,-73.89216355799994
66,Brooklyn,"LARCENY,PETIT OF BICYCLE",40.61868789300007,-73.96503985099997
34,Manhattan,"HARASSMENT,SUBD 3,4,5",40.84843619000002,-73.93161148399997
84,Brooklyn,AGGRAVATED HARASSMENT 2,40.69097088000007,-73.98762216999995
115,Queens,"LARCENY,GRAND BY FALSE PROMISE-IN PERSON CONTACT",40.75709175800005,-73.87086997299998
71,Brooklyn,"LARCENY,GRAND BY OPEN/COMPROMISE CELL PHONE ACCT",40.659155533000046,-73.93602249299995
28,Manhattan,"CRIMINAL MISCHIEF 4TH, GRAFFIT",40.80891636100006,-73.95028100499997
75,Brooklyn,"BURGLARY,RESIDENCE,DAY",40.66171937000007,-73.878429167
67,Brooklyn,"HARASSMENT,SUBD 3,4,5",40.638215410000036,-73.93573269999997
32,Manhattan,"HARASSMENT,SUBD 3,4,5",40.811986508000075,-73.94757654399997
42,Bronx,"ASSAULT 2,1,UNCLASSIFIED",40.82869666100004,-73.89863392899997
45,Bronx,"LARCENY,PETIT OF LICENSE PLATE",40.85047481400005,-73.78700665999997
105,Queens,"LARCENY,GRAND FROM VEHICLE/MOTORCYCLE",40.68402963400007,-73.73266102799995
113,Queens,"LARCENY,PETIT FROM STORE-SHOPL",40.68050935700006,-73.75287988099996
5,Manhattan,"HARASSMENT,SUBD 3,4,5",40.71646490500007,-74.00232096899998
76,Brooklyn,"CONTROLLED SUBSTANCE,SALE 1",40.67642150200004,-74.00103252599996
69,Brooklyn,"MISCHIEF, CRIMINAL 4, OF MOTOR",40.64071363700003,-73.90149221199994
122,Staten Island,"LARCENY,GRAND BY BANK ACCT COMPROMISE-REPRODUCED CHECK",40.60896473700007,-74.09510358799997
107,Queens,AGGRAVATED HARASSMENT 2,40.73291309300004,-73.80781592199997
44,Bronx,LEAVING SCENE-ACCIDENT-PERSONA,40.83094488100004,-73.91239813899993
25,Manhattan,"MARIJUANA, SALE 4 & 5",40.79763023600003,-73.93422440199998
41,Bronx,SEXUAL ABUSE,40.816391847000034,-73.89529641399997
13,Manhattan,"FRAUD,UNCLASSIFIED-FELONY",40.741506303000044,-73.97973860099995
84,Brooklyn,"HARASSMENT,SUBD 3,4,5",40.690622013000045,-73.98523509799998
73,Brooklyn,"CRIMINAL MISCHIEF 4TH, GRAFFIT",40.67967710400006,-73.90975581999999
71,Brooklyn,"LARCENY,GRAND FROM RESIDENCE, UNATTENDED",40.65769795200004,-73.94096520299998
14,Manhattan,"MENACING,UNCLASSIFIED",40.75626620700007,-73.99050124799999
67,Brooklyn,AGGRAVATED HARASSMENT 2,40.65549899200005,-73.91795169699996
72,Brooklyn,"PROSTITUTION, PATRONIZING 4, 3",40.64278522500007,-74.02002171299995
75,Brooklyn,"LARCENY,PETIT OF BICYCLE",40.67066712500008,-73.87564431799996
5,Manhattan,"CRIMINAL MISCHIEF 4TH, GRAFFIT",40.715279141000046,-73.99659978199998
52,Bronx,SEXUAL ABUSE,40.86905853200005,-73.87963014799993
1,Manhattan,"LARCENY,PETIT FROM OPEN AREAS,",40.70831243400005,-74.01125137499997
13,Manhattan,"LARCENY,PETIT FROM STORE-SHOPL",40.73625412000007,-73.98917620299993
70,Brooklyn,"FORGERY,ETC.,UNCLASSIFIED-FELO",40.632893841000055,-73.94769920999995
40,Bronx,"HARASSMENT,SUBD 3,4,5",40.81115621300006,-73.90982320099994
20,Manhattan,"LARCENY,PETIT FROM BUILDING,UN",40.775041983000044,-73.98206801399994
43,Bronx,"HARASSMENT,SUBD 1,CIVILIAN",40.82578903300004,-73.88042746099995
67,Brooklyn,RAPE 1,40.648650085000035,-73.95033556299995
28,Manhattan,VIOLATION OF ORDER OF PROTECTI,40.798455240000074,-73.94808201499995
43,Bronx,"LARCENY,GRAND BY THEFT OF CREDIT CARD",40.827520105000076,-73.87701333099994
68,Brooklyn,"MENACING,UNCLASSIFIED",40.630921586000056,-74.02354521599993
44,Bronx,"LARCENY,GRAND FROM STORE-SHOPL",40.83778161800007,-73.91945797099999
107,Queens,"LARCENY,PETIT FROM OPEN AREAS,",40.720962093000026,-73.81263044799994
44,Bronx,"LARCENY,PETIT OF LICENSE PLATE",40.83068979000007,-73.92426171999993
43,Bronx,AGGRAVATED CRIMINAL CONTEMPT,40.82506399000005,-73.87739726099994
49,Bronx,"ROBBERY,HOME INVASION",40.85406923500005,-73.866709024
75,Brooklyn,"CRIMINAL MISCHIEF,UNCLASSIFIED 4",40.66141182200005,-73.88635213299993
104,Queens,"HARASSMENT,SUBD 3,4,5",40.72444489500003,-73.89141458999995
105,Queens,"MISCHIEF,CRIMINAL,    UNCL 2ND",40.72093650500005,-73.74377952499998
9,Manhattan,"MISCHIEF, CRIMINAL 3 & 2, OF M",40.72521174800004,-73.98705299199997
69,Brooklyn,"HARASSMENT,SUBD 1,CIVILIAN",40.64423373200003,-73.89979339799999
77,Brooklyn,"HARASSMENT,SUBD 3,4,5",40.67172330200003,-73.95172069799997
43,Bronx,TAX LAW,40.82647256800004,-73.87533869199996
114,Queens,RECKLESS DRIVING,40.774221743000055,-73.93181767399994
25,Manhattan,WEAPONS POSSESSION 3,40.79957445200006,-73.93590560299998
76,Brooklyn,"FRAUD,UNCLASSIFIED-FELONY",40.68122463900005,-73.99282301899994
23,Manhattan,ASSAULT 3,40.78934789300007,-73.94735241299998
75,Brooklyn,"HARASSMENT,SUBD 3,4,5",40.67904719000006,-73.86375275599994
44,Bronx,"LARCENY,GRAND BY BANK ACCT COMPROMISE-TELLER",40.83585100700003,-73.91054501799994
88,Brooklyn,"LARCENY,GRAND BY EXTORTION",40.68725496500008,-73.97413369799993
26,Manhattan,"LARCENY,GRAND OF BICYCLE",40.81175547300006,-73.95282208999998
49,Bronx,"LARCENY,PETIT FROM OPEN AREAS,",40.86555024300003,-73.86196786899995
44,Bronx,ASSAULT 3,40.830579863000025,-73.92834152299997
75,Brooklyn,SEXUAL ABUSE,40.67110691100004,-73.88143295699997
13,Manhattan,"LARCENY,PETIT FROM STORE-SHOPL",40.740095421000035,-73.97929155999998
5,Manhattan,"LARCENY,PETIT FROM BUILDING,UN",40.72197895800008,-73.99333452499997
107,Queens,"LARCENY,GRAND OF VEHICULAR/MOTORCYCLE ACCESSORIES",40.71805541200007,-73.82127843299997
9,Manhattan,"LARCENY,GRAND BY OPEN CREDIT CARD (NEW ACCT)",40.72796383900004,-73.980630277
111,Queens,"HARASSMENT,SUBD 3,4,5",40.77475553000005,-73.73878129799994
28,Manhattan,"MISCHIEF, CRIMINAL 4, OF MOTOR",40.80545561600008,-73.94501343699994
67,Brooklyn,"LARCENY,PETIT FROM BUILDING,UN",40.655345114000056,-73.95151270399998
67,Brooklyn,"LARCENY,GRAND BY OPEN/COMPROMISE CELL PHONE ACCT",40.65469647500004,-73.92874667799998
42,Bronx,"HARASSMENT,SUBD 3,4,5",40.82253559900005,-73.90609713199996
14,Manhattan,"LARCENY,PETIT FROM AUTO",40.75279712600008,-73.99488344499997
52,Bronx,RAPE 1,40.86905853200005,-73.87963014799993
81,Brooklyn,"ROBBERY,OPEN AREA UNCLASSIFIED",40.67763444800004,-73.93307370299993
14,Manhattan,ASSAULT 3,40.75653542800006,-73.99402048499996
73,Brooklyn,"HARASSMENT,SUBD 3,4,5",40.676080719000026,-73.90543088799996
115,Queens,"CRIMINAL MISCHIEF,UNCLASSIFIED 4",40.748713932000044,-73.89426591599994
1,Manhattan,"LARCENY,PETIT FROM OPEN AREAS,",40.71655199500003,-74.01327288099996
49,Bronx,ASSAULT 3,40.86382834600005,-73.83605666899997
94,Brooklyn,ASSAULT 3,40.71407505800004,-73.95162509299998
106,Queens,"FRAUD,UNCLASSIFIED-FELONY",40.65323132100008,-73.83942489199995
5,Manhattan,"LARCENY,PETIT FROM STORE-SHOPL",40.714430898000046,-74.00610127799997
43,Bronx,LEAVING SCENE-ACCIDENT-PERSONA,40.83443366900008,-73.87925552699994
52,Bronx,"MARIJUANA, POSSESSION 4 & 5",40.85966082900006,-73.90311285799999
47,Bronx,"HARASSMENT,SUBD 1,CIVILIAN",40.88810125600002,-73.85354485699997
46,Bronx,"HARASSMENT,SUBD 1,CIVILIAN",40.85238190900003,-73.91351577099994
44,Bronx,"HARASSMENT,SUBD 3,4,5",40.83021160200008,-73.91182094199996
75,Brooklyn,"LARCENY,PETIT FROM AUTO",40.673722103000046,-73.90115145299995
81,Brooklyn,AGGRAVATED HARASSMENT 2,40.678349636000064,-73.93578776199998
42,Bronx,"LARCENY,PETIT OF VEHICLE ACCES",40.827101542000044,-73.90129216599996
70,Brooklyn,"LARCENY,GRAND BY ACQUIRING LOST CREDIT CARD",40.63171214200002,-73.95752487099996
67,Brooklyn,"ASSAULT 2,1,UNCLASSIFIED",40.64561374900006,-73.920039477
62,Brooklyn,RAPE 1,40.60260317900003,-74.00308766099994
41,Bronx,"ROBBERY,LICENSED FOR HIRE VEHICLE",40.821028324000046,-73.88724654899994
32,Manhattan,"FRAUD,UNCLASSIFIED-MISDEMEANOR",40.81152201200007,-73.94060118099996
66,Brooklyn,ASSAULT 3,40.61019770600007,-73.97325954999997
84,Brooklyn,CRIMINAL CONTEMPT 1,40.692557669000045,-73.99097189599996
115,Queens,"HARASSMENT,SUBD 3,4,5",40.75276476800008,-73.85812665499998
28,Manhattan,"LARCENY,PETIT OF BICYCLE",40.81077276700007,-73.95259158999993
49,Bronx,"LARCENY,PETIT OF VEHICLE ACCES",40.867624314000075,-73.85235343699998
111,Queens,"HARASSMENT,SUBD 3,4,5",40.74462148500004,-73.75147279799995
94,Brooklyn,"MENACING,UNCLASSIFIED",40.72655783000005,-73.94465280299994
90,Brooklyn,CRIMINAL CONTEMPT 1,40.70747455900005,-73.96054242799994
48,Bronx,"ASSAULT 2,1,UNCLASSIFIED",40.84952065500005,-73.89848291599996
109,Queens,AGGRAVATED HARASSMENT 2,40.748441769000074,-73.82975404899997
103,Queens,"ASSAULT 2,1,UNCLASSIFIED",40.70551523700004,-73.798423556
32,Manhattan,"LARCENY,GRAND FROM PERSON,PICK",40.81718431000007,-73.94605507299997
112,Queens,"LARCENY,PETIT FROM STORE-SHOPL",40.72963470100007,-73.86264267799999
78,Brooklyn,"LEWDNESS,PUBLIC",40.67034951000005,-73.98872547499997
122,Staten Island,"MISCHIEF, CRIMINAL 3 & 2, OF M",40.555089106000025,-74.13184092099993
44,Bronx,"ROBBERY,OPEN AREA UNCLASSIFIED",40.83124076800004,-73.91917318999998
105,Queens,"LARCENY,PETIT FROM OPEN AREAS,",40.65234443700007,-73.73771811999995
20,Manhattan,"LARCENY,PETIT FROM STORE-SHOPL",40.78355861800003,-73.98033967299993
49,Bronx,"HARASSMENT,SUBD 3,4,5",40.86858934000002,-73.86725479999996
81,Brooklyn,"HARASSMENT,SUBD 3,4,5",40.689498668000056,-73.92207105399994
13,Manhattan,"LARCENY,PETIT FROM STORE-SHOPL",40.73821959500003,-73.99201218099995
66,Brooklyn,"LARCENY,PETIT BY FALSE PROMISE",40.63468973200002,-74.00513921099997
114,Queens,"ROBBERY,OPEN AREA UNCLASSIFIED",40.75551344600007,-73.92290701999997
47,Bronx,"HARASSMENT,SUBD 1,CIVILIAN",40.87653546200004,-73.85821331899997
32,Manhattan,"LARCENY,PETIT FROM STORE-SHOPL",40.81680059700005,-73.94724037699996
63,Brooklyn,"CRIMINAL MISCHIEF 4TH, GRAFFIT",40.627484435000035,-73.92006119699995
7,Manhattan,WEAPONS POSSESSION 3,40.71265476200006,-73.989973605
40,Bronx,"HARASSMENT,SUBD 3,4,5",40.81490915000006,-73.90749516099999
44,Bronx,ASSAULT 3,40.83959223200003,-73.92632964799998
19,Manhattan,"BURGLARY,COMMERCIAL,NIGHT",40.77434814100008,-73.95432527699995
28,Manhattan,"LARCENY,GRAND BY CREDIT CARD ACCT COMPROMISE-EXISTING ACCT",40.80038048100005,-73.95078943299995
42,Bronx,"LARCENY,PETIT FROM BUILDING,UN",40.825467893000045,-73.91434927999995
10,Manhattan,"CRIMINAL MISCHIEF 4TH, GRAFFIT",40.75831417800004,-74.000138614
109,Queens,"HARASSMENT,SUBD 1,CIVILIAN",40.756417775000045,-73.83524900199995
47,Bronx,"LARCENY,PETIT OF LICENSE PLATE",40.89534182300008,-73.85800320299995
62,Brooklyn,AGGRAVATED HARASSMENT 2,40.61079995700004,-73.97872298799997
40,Bronx,"CONTROLLED SUBSTANCE, POSSESSI",40.81427662500005,-73.91295474999998
66,Brooklyn,"FRAUD,UNCLASSIFIED-MISDEMEANOR",40.63625158700007,-74.00319010299995
14,Manhattan,"LARCENY,GRAND FROM PERSON, BAG OPEN/DIP",40.749681321000025,-73.98795774099993
5,Manhattan,ASSAULT 3,40.72033214100002,-73.994038162
115,Queens,"LARCENY,PETIT FROM AUTO",40.748405019000074,-73.88690750099995
45,Bronx,"CRIMINAL MISCHIEF 4TH, GRAFFIT",40.83072232800004,-73.82712605899997
10,Manhattan,"CRIMINAL MISCHIEF 4TH, GRAFFIT",40.75371123600007,-73.99912437399996
94,Brooklyn,"LARCENY,PETIT FROM STORE-SHOPL",40.71645770400005,-73.95921321499998
60,Brooklyn,UNAUTHORIZED USE VEHICLE 2,40.57687287400006,-74.01159640899994
73,Brooklyn,STRANGULATION 1ST,40.658294539000046,-73.90542005999998
61,Brooklyn,"LARCENY,GRAND BY BANK ACCT COMPROMISE-REPRODUCED CHECK",40.59434190700006,-73.957915917
102,Queens,"LARCENY,PETIT FROM OPEN AREAS,",40.69367077300007,-73.85216527499993
60,Brooklyn,"LARCENY,GRAND FROM RESIDENCE, UNATTENDED",40.57758741600002,-73.97633607099993
43,Bronx,ASSAULT 3,40.82230298400003,-73.85617185899997
48,Bronx,"MENACING,UNCLASSIFIED",40.85783454600005,-73.88687325999997
13,Manhattan,"MISCHIEF, CRIMINAL 4, OF MOTOR",40.73443922900003,-73.98395526399997
121,Staten Island,"INTOXICATED DRIVING,ALCOHOL",40.623188378000066,-74.14923769499995
75,Brooklyn,"LARCENY,PETIT OF VEHICLE ACCES",40.64422517400004,-73.88208610299995
69,Brooklyn,"LARCENY,GRAND FROM EATERY, UNATTENDED",40.63385483200005,-73.91584900599996
46,Bronx,"CRIMINAL MISCHIEF,UNCLASSIFIED 4",40.85779530700007,-73.89776535899993
120,Staten Island,LEAVING SCENE-ACCIDENT-PERSONA,40.61597496700006,-74.10456139999997
90,Brooklyn,WEAPONS POSSESSION 3,40.70448077200007,-73.94273433699995
112,Queens,"WEAPONS, POSSESSION, ETC",40.730144884000026,-73.86235658699997
47,Bronx,"LARCENY,PETIT FROM BUILDING,UN",40.88735603500004,-73.85902567999993
81,Brooklyn,"ASSAULT 2,1,UNCLASSIFIED",40.68034722300007,-73.93003524099998
40,Bronx,"CONTROLLED SUBSTANCE, POSSESSI",40.81649130700004,-73.91624308499998
77,Brooklyn,"HARASSMENT,SUBD 3,4,5",40.67696933900004,-73.96098949499998
122,Staten Island,"BURGLARY,RESIDENCE,NIGHT",40.56423129000007,-74.13947471699998
84,Brooklyn,"HARASSMENT,SUBD 3,4,5",40.68374312100008,-73.98177887599996
43,Bronx,"LARCENY,PETIT FROM BUILDING,UN",40.81162710600006,-73.84638336199998
111,Queens,"LARCENY,GRAND FROM OPEN AREAS, UNATTENDED",40.76594447900004,-73.77222314399995
61,Brooklyn,"LARCENY,GRAND FROM VEHICLE/MOTORCYCLE",40.589242765000044,-73.95265524099993
46,Bronx,ASSAULT 3,40.85279649200004,-73.90331082299997
33,Manhattan,"BURGLARS TOOLS,UNCLASSIFIED",40.833286875000056,-73.93915796
14,Manhattan,"HARASSMENT,SUBD 3,4,5",40.75043076800005,-73.98928217599996
81,Brooklyn,"LARCENY,PETIT FROM OPEN AREAS,",40.68250373800004,-73.92431103799998
113,Queens,"LARCENY,PETIT FROM AUTO",40.69676755800003,-73.75845625499993
72,Brooklyn,"ASSAULT 2,1,UNCLASSIFIED",40.63919835300004,-74.01646791399996
105,Queens,ASSAULT 3,40.743267424000074,-73.70459937799995
41,Bronx,"SEXUAL MISCONDUCT,INTERCOURSE",40.816391847000034,-73.89529641399997
40,Bronx,"CONTROLLED SUBSTANCE, SALE 5",40.817000593000046,-73.91835231599998
48,Bronx,CRIMINAL CONTEMPT 1,40.855743191000045,-73.88982296199998
104,Queens,"HARASSMENT,SUBD 3,4,5",40.70108399900005,-73.89119657699997
10,Manhattan,"HARASSMENT,SUBD 3,4,5",40.746613240000045,-73.99568150499994
114,Queens,"INTOXICATED DRIVING,ALCOHOL",40.771086981000046,-73.91870826099995
47,Bronx,WEAPONS POSSESSION 3,40.89092903900007,-73.85198339599998
72,Brooklyn,"HARASSMENT,SUBD 3,4,5",40.63712598600006,-74.01683491299997
109,Queens,"LARCENY,PETIT FROM AUTO",40.78832640900004,-73.82475160499997
62,Brooklyn,"LARCENY,GRAND FROM VEHICLE/MOTORCYCLE",40.59198886400002,-73.99290101799994
18,Manhattan,"LARCENY,PETIT FROM BUILDING,UN",40.76186491100003,-73.98507852599994
71,Brooklyn,"LARCENY,PETIT FROM BUILDING,UN",40.667415281000046,-73.95487431699996
71,Brooklyn,WEAPONS POSSESSION 3,40.66302783300006,-73.94003053699998
106,Queens,"LARCENY,GRAND FROM VEHICLE/MOTORCYCLE",40.656686638000046,-73.83916068399996
63,Brooklyn,"LARCENY,PETIT FROM AUTO",40.62080762100004,-73.94574549499998
103,Queens,"ACCOSTING,FRAUDULENT",40.70493225800004,-73.79624685499994
102,Queens,"LARCENY,PETIT FROM STORE-SHOPL",40.698922537000044,-73.81491032599996
30,Manhattan,"LARCENY,PETIT FROM BUILDING,UN",40.81981775700007,-73.95543576099993
52,Bronx,"LARCENY,GRAND FROM VEHICLE/MOTORCYCLE",40.86286291000005,-73.88978224399995
52,Bronx,ASSAULT 3,40.879874233000066,-73.87595819199998
19,Manhattan,"CRIMINAL MISCHIEF,UNCLASSIFIED 4",40.764430393000055,-73.96756973399994
112,Queens,"HARASSMENT,SUBD 3,4,5",40.731802925000075,-73.85800530799997
40,Bronx,"MISCHIEF, CRIMINAL 4, OF MOTOR",40.80545202300004,-73.92416762299997
79,Brooklyn,"CRIMINAL MISCHIEF,UNCLASSIFIED 4",40.68044287300006,-73.95035875699995
33,Manhattan,"CONTROLLED SUBSTANCE,POSSESS.",40.84522350700007,-73.93396048499993
69,Brooklyn,"HARASSMENT,SUBD 3,4,5",40.631213374000026,-73.88884981599993
40,Bronx,"ROBBERY,PERSONAL ELECTRONIC DEVICE",40.81538110600008,-73.90732470799998
46,Bronx,"CRIMINAL MISCHIEF,UNCLASSIFIED 4",40.84728019100004,-73.907334484
52,Bronx,"INTOXICATED DRIVING,ALCOHOL",40.85064996800003,-73.88244310699997
